Consignee_Name,Location,LinkedIn URL,LinkedIn Connected People,Company Website,Phone Numbers,Email
SPICE CITY TRADING CO, Saudi Arabia,https://www.linkedin.com/company/alajm,"https://in.linkedin.com/company/vad-industries, https://sa.linkedin.com/in/safwanzendaki/en, https://www.eximpedia.app/companies/spice-city-trading-co/61049242, https://www.trademo.com/companies/spice-city-trading-company/40665865, https://ca.linkedin.com/in/mark-field-43822854, https://kw.linkedin.com/in/taher-ali-asgar-ali-78a7a11a1, https://en.wikipedia.org/wiki/Burger_King, https://www.fsis.usda.gov/sites/default/files/media_file/2021-03/FPLIC_2a_Labeling.pdf, https://www.accessdata.fda.gov/cms_ia/importalert_263.html, https://www.ttb.gov/faqs/alcohol, https://www.accessdata.fda.gov/cms_ia/importalert_111.html",https://www.spicytradeco.com/,+20 10 0577 6456,
ROYAL DOHA TRADING WLL,Qatar,https://www.linkedin.com/company/royal-doha-trading-contracting-and-services-wll,"https://www.linkedin.com/company/royal-doha-trading-contracting-and-services-wll, https://www.linkedin.com/company/royal-builders-trading-contracting, https://www.linkedin.com/pub/dir/Royal/Qatar, https://www.gao.gov/products/b-412769%2Cb-412769.2%2Cb-412769.3, https://royaldoha.org/board-of-directors.php, https://lk.linkedin.com/in/safwan-royal-9a161892, https://www.linkedin.com/pub/dir/Royal/Trading, https://www.tradeatlas.com/en/firms/royal-doha-trading-w-l-l/85a071c6d85e273d, https://www.volza.com/company-profile/royal-doha-trading-w-l-l-19390973/, https://royaldoha.org/about-company.php",https://royaldohatrading.com/contact.php,"+974 4038 8615, +974 6681 5861, +974 4480 4962, +974 3366 3395","info@royaldohatrading.com, royaldoh@rading.com"
Al Tayeb Distribution, United Arab Emirates,https://www.linkedin.com/company/youwish-general-trading-llc,"https://www.linkedin.com/company/al-tayeb-distribution/, https://ae.linkedin.com/in/gafu, https://www.linkedin.com/company/al-tayeb, https://ae.linkedin.com/in/shamsudheen-avarukunnu-310967ba, https://ae.linkedin.com/in/muhammed-fayis-726771207, https://www.zoominfo.com/pic/al-tayeb/1334771372, https://www.tradeatlas.com/en/firms/al-tayeb-distribution-sole-proprietorship-llc/341261d7247a8a0e, https://www.covestro-offer.com/download/companies/ma4417/4417_1offer/CovestroAG_OfferDocument.pdf, https://icsid.worldbank.org/fr/affaires-en-cours, https://ae.linkedin.com/in/muhammad-suni-7a15221b8",https://www.altayeb.ae/,+971 2 494 9111,
Brisco Hospitality Supplies Pty Ltd, Australia,https://www.linkedin.com/company/brisco-hospitality-supplies-pty-ltd,"https://au.linkedin.com/in/mary-john-b4217774, https://www.tradeatlas.com/en/firms/brisco-hospitality-supplies-pty-ltd/1da6bf0b30253ac8, https://www.trademo.com/companies/brisco-hospitality-supplies-pty-limited/40666247, https://www.volza.com/company-profile/brisco-hospitality-supplies-pty-ltd-19621826/, https://www.thetradevision.com/global/buyer/brisco-hospitality-supplies-pty-lt/australia/53781216, https://en.52wmb.com/buyer/88687118, https://www.bostongrp.com.au/practice-vcat-and-court-decisions.html, https://cabinet.qld.gov.au/documents/2010/jan/2009%20nikon%20super%20gp/attachments/report%20on%202009%20nikon%20super%20gp.pdf, https://cases.stretto.com/public/X234/12125/PLEADINGS/1212505222480000000143.pdf, https://u3anunawading.org.au/wp-content/uploads/2024/08/Annual-Report-2023-2024-web.pdf",https://perthcafes.com.au/hospitality-suppliers-perth/,"4006
1300 721 694, 6165
08 9409 6166, +61 8 9350 2880, +61 8 9336 3331, (08) 9258 8318, +61 8 9428 0200, 08 9446 9800, +61 1300 998 768, +61 430 821 240, (08) 9345 2255, 005
(08) 9228 1238, +61 424 367 170, +61 8 9499 2700, +61 8 9244 3055, 3912
1800 705 314",
Harman Impex NZ Ltd, New Zealand,https://nz.linkedin.com/company/harman-impex-nz-ltd,"https://nz.linkedin.com/in/manjeet-chawla-79974b7, https://nz.linkedin.com/company/harman-impex-nz-ltd, https://nz.linkedin.com/in/nikichawla, https://www.harmanimpex.co.nz/, https://www.harmanimpex.co.nz/about, https://www.harmanimpex.co.nz/contact, https://rocketreach.co/manjeet-chawla-email_27764603, https://nz.linkedin.com/in/darshit-trivedi-8609a2227, https://gazette.govt.nz/notice/id/2024-ds523, https://gazette.govt.nz/notice/id/2024-ds1683",https://harmanimpexnz.com/contact-us/,+64 9 828 6642,FriCONTACTharmanimpexnz@gmail.com
MS DATAR SONS LIMITED LLC,United Arab Emirates,,"https://ae.linkedin.com/in/sanjay-datar-532417b1, https://in.linkedin.com/company/datar-sons-limited-llc?trk=public_profile_experience-item_profile-section-card_subtitle-click, https://in.linkedin.com/company/datar-sons-limited-llc, https://ae.linkedin.com/in/rithesh-nampelli-5a79811a, https://www.foodubai.com/viewdetails.aspx?item=673, https://www.sec.gov/Archives/edgar/data/1243429/000115697307001457/y01811b3e424b3.htm, https://www.sec.gov/Archives/edgar/data/1283699/000119312514157312/d630442ddef14a.htm, https://www.sec.gov/Archives/edgar/data/1403882/000119312507149766/d424b3.htm, https://www.thetradevision.com/global/hing-asafoetida-import-export-data, https://www.sec.gov/Archives/edgar/data/1313310/000114554908001180/h02250e20vf.htm",https://datarspices.ae/contact-us,"+91 22 40051599, 9716 7435240, 971 674 3524, 91 22 4004 2208, 9716 7436963, +91 22 2666 1965, +91 9820874721",datarsm@eim.ae
Indya Foods Pty Ltd, Australia,https://au.linkedin.com/company/fomo-snacks,"https://au.linkedin.com/company/india-bazaar-pty-ltd, https://in.linkedin.com/company/ads-food-consultancy, https://ch.linkedin.com/company/india-bazaar-pty-ltd, https://se.linkedin.com/company/india-bazaar-pty-ltd, https://tr.linkedin.com/company/india-bazaar-pty-ltd, https://www.linkedin.com/in/rohit-nayar-462a3122a, https://au.linkedin.com/in/murali-metlapalli-00640352, https://m.facebook.com/indyafoodspty.ltd/mentions/, https://bestfoodimporters.com/company/indya-foods-pty-ltd/, https://www.eximpedia.app/companies/to-order-indya-foods-pty-limited/06452379, https://au.linkedin.com/in/annemareescarce, https://rocketreach.co/indya-foods-pvt-profile_b4431c7bfa0adfa6, https://in.linkedin.com/in/pkumars1, https://au.linkedin.com/in/richard-goodman-7571b125, https://www.zoominfo.com/c/indya-foods-pty-ltd/345560010",https://www.indyafoods.com.au/,03 9793 5373,indyafoods@indyafoods.com.au
Prince Foods UK Ltd, United Kingdom,https://uk.linkedin.com/company/princes-limited/jobs,"https://uk.linkedin.com/in/simon-harrison-9a0aaa106, https://uk.linkedin.com/in/cameron-mackintosh-4520191a5, https://uk.linkedin.com/company/princes-limited, https://www.princesgroup.com/, https://www.princesgroup.com/wp-content/uploads/2021/09/Princes-Supply-Chain-Map-Protected.xlsx, https://uk.linkedin.com/in/prince-kamalaneson, https://uk.linkedin.com/in/neil-bohannon-1523a520b, https://www.south32.net/about-us/our-board-and-lead-team, https://uk.linkedin.com/in/mariogiovannelli, http://www.commonlii.org/in/journals/NLUDLRS/2011/8.pdf",https://www.princes.co.uk/contact-us/,,
Guangzhou Xing Zhu Food Technology Co Ltd,China,https://in.linkedin.com/company/bergner-group,"https://in.linkedin.com/company/bergner-group, https://cn.linkedin.com/in/zhenyu-zhu-7a914137, https://www.citic.com/uploadfile/2024/0422/20240422601941.pdf, http://www.hkexnews.hk/listedco/listconews/sehk/2024/0419/2024041900897.pdf, https://www.ecfr.gov/current/title-15/subtitle-B/chapter-VII/subchapter-C/part-744/appendix-Supplement%20No.%204%20to%20Part%20744, https://www.cecc.gov/sites/evo-subsites/cecc.house.gov/files/2024-12/2024-CECC-Annual-Report.pdf, https://www.citicbank.com/about/investor_1011/financialaffairs/report/2023/202404/P020240429732182698660.pdf, https://htm.sf-express.com/hk/en/download/Special_Warehouse_Service_CN_EN.pdf, https://group.pingan.com/resource/pingan/IR-Docs/2024/pingan-ar23-report.pdf, https://vanke.com/upload/file/2024-04-09/8d95c70b-2b4f-4c53-bd89-3a122b4aaa1b.pdf, https://www1.hkexnews.hk/listedco/listconews/sehk/2024/0321/2024032101260.pdf",http://en.chinafoodtech.com.cn/,"05015693, 110105012346",
JFR Enterprise, Bangladesh,,"https://www.tradeatlas.com/en/firms/jfr-enterprise/b49bde17017c6aa5, https://hallboothsmith.com/attorney/john-e-hall-jr/, https://navy.mil.ph/filest.php?t=aDZXL2xURC9jZm1nK0FrMWFwZzlGUT09, https://www.specialolympicsva.org/about/meet-our-team, https://docs.legis.wisconsin.gov/document/statutes/440.52(13)(c)3., https://www.congress.gov/congressional-report/118th-congress/house-report/146/1, https://www.congress.gov/bill/118th-congress/senate-bill/2438/text, https://www.gocivilairpatrol.com/programs/cadets/activities/encampment, https://en.wikipedia.org/wiki/General_Motors, https://en.wikipedia.org/wiki/Church%27s_Texas_Chicken",https://oldweb.lged.gov.bd/districtprojectschemedetailsview.aspx?districtid=38,"255665064 2556, 6 255955059, 3 255954056, 255954078 2559, 255575138, 2840-5190, 255955113, 255855118 2558, 255573012, 255955016 2559, 2243-4760, 1519-1965, 75028 25557503, 255954017 2559, 7048-7605, 1000-1512, 55008 25595406, 75171 25557525, 75159 25557518, 255855006, 55069 25585509, 255955022 2559, 255574126 2555, 255575272 2555, 8 255575269, 2897-3897, 255575010 2555, 1170-1982, 2500-2738, 2874-3854, 255853001, 55074 25595507, 1100-2155, 255954043 2559, 55006 25595527, 255575135 2555, 255852005, 255954011 2559, 255955192 2559, 255665095 2556, 255855044, 255955017 2559, 255574055, 255665101, 255575081 2555, 1000-1734, 1000-2275, 255575289, 2000-2710, 54040 25595407, 15900-2310, 4 255665071, 255954044 2559, 01731862212, 8642-1590, 255575203, 55092 25585507, 255575030, 74095 25557518, 255954062 2559, 4575-5812, 255664090 2556, 0488-6253, 1500-4500, 8421-8921, 255575219 2555, 1200-1800, 4 255855089, 255663017, 255575284, 255954046 2559, 1708-2735, 23100-2392, 255574005 2555, 255665033, 255574121 2555, 1000-2000, 255663015, 1035-1572, 2656-2996, 255575172 2555, 255575282, 255574115 2558, 255575022, 255855016 2558, 255575040 2555, 255954020 2559, 255574052 2555, 255855256, 75151 25557524, 255665093 2556, 2500-3750, 255664054 2556, 255664077 2556, 1663-3005, 255575021 2555, 255665150 2556, 64073 25566408, 1500-2284, 255664086, 255855060 2558, 6 255955157, 7 255574084, 255575181, 255574087, 255572004, 255664018 2556, 1000-3600, 64004 25566504, 65173 25566521, 1522-3642, 255954003 2559, 255954073, 255575039 2555, 255664046, 255855193, 1500-2800, 255574117, 255663023, 255574084 2555, 255575016, 1800-2775, 255955298, 255852009, 55013 25585514, 255575166 2555, 255574128 2555, 55107 25585513, 255574102 2555, 255575004, 255663013, 64069 25566520, 255575017 2555, 255955065 2559, 255575103 2555, 1750-3475, 74071 25557409, 255664021 2556, 255574030 2555, 255662005, 255574029 2555, 255855064 2558, 1400-2404, 255665166, 54061 25595405, 74097 25557411, 255954049 2559, 8550-9100, 1500-6200, 255574124, 255575121 2555, 4300-4925, 55184 25595528, 255573010, 255574127, 1351-2000, 54045 25595503, 55150 25595516, 3334-1006, 255664029, 255572001 2555, 255574003, 255575102, 2705243, 255855156 2558, 255574066, 255574032 2555, 255575117, 255574053, 255574058, 64070 25566518, 255575208 2555, 255663022, 255855120, 01700976949, 2335-2600, 55132 25585524, 255853012, 6 255955271, 255662001, 255574046 2555, 255663023 2556, 255574003 2555, 1040-2555, 255575119 2555, 75106 25557515, 255854009 2558, 255954024 2559, 255574040, 1110-1450, 255855081 2558, 2887-3000, 255854017 2558, 255663009, 1500-1900, 55024 25585525, 255574018 2555, 255573009, 1 255575283, 2350-3352, 255575255, 55279 25595403, 255572011 2555, 255954021 2559, 255953014 2559, 255575183, 1150-3580, 2130-3800, 75250 25557526, 255575002 2555, 255575119, 255954068 2559, 255575243 2555, 4905-5905, 255663025, 255575113, 255955187, 3030-5030, 255955215 2559, 255852013, 55228 25595523, 255575158, 55134 25595520, 255573010 2559, 2000-3000, 75222 25557526, 255855017 2558, 255855101 2558, 255855016, 255575287 2555, 255575109, 255855032 2558, 255663006 2556, 255664024 2556, 9323346, 1250-2772, 255575023 2555, 255574067, 74112 25557409, 75272 25557528, 255855109, 75164 25557522, 9379060, 255955204 2559, 8580-1078, 5100-6000, 255955144, 2200-2990, 255953006 2559, 255855003, 255855034 2558, 255664045, 255664025 2556, 255662005 2556, 54065 25595514, 255954008 2559, 255855150 2558, 1000-1400, 255575212 2555, 255855031, 6 255955025, 55050 25595511, 255955262 2559, 75018 25557514, 255575110 2555, 3900-6650, 1000-2500, 64073 25566407, 255954072 2559, 255663012, 255574019, 255955280 2559, 255574032, 255575169, 255955011, 255575184 2555, 255852001, 255575006 2555, 255664019 2556, 255855022 2558, 255663014, 255574052, 255664074 2556, 65180 25566518, 255664026, 55083 25585507, 4 255665187, 1100-2100, 9 255955281, 1639-1916, 255574017, 55122 25557516, 255575225, 4 255575251, 255955164, 255955015 2559, 1850-2290, 1320-2000, 2800-3500, 5700-6324, 2555-4575, 74031 25557405, 1000-2580, 255954013 2559, 255575077, 255662007, 255853002, 65183 25566518, 55087 25585524, 255664044, 255575020 2555, 255853004 2558",
Orma Plaza Gen Trad Co W L L, Kuwait,,"https://www.volza.com/company-profile/orma-plaza-gen-trad-co-65630442/, https://www.volza.com/company-profile/orma-plaza-general-trading-co-w-l-l-37310765/, https://www.tradeatlas.com/en/firms/orma-plaza-gen-trad-co-w-l-l/0c615d6a6ce01089, https://www.volza.com/company-profile/orma-plaza-gen-trad-co-w-l-l-334801/, https://www.trademo.com/companies/orma-plaza-gen-trad-co-w-l-l/31458655, https://www.eximpedia.app/companies/orma-plaza-gen-trad-co-w-l-l/79532607, https://www.volza.com/company-profile/orma-plaza-general-trading-co-sabeha-commercial-al-matafi-street-30113054/, https://www.diamondbackenergy.com/static-files/7bfdabbe-7f37-4fa1-9edb-4653c630c901, https://www.diamondbackenergy.com/static-files/3a5373e5-60a7-4461-b3be-b1db4eeba981, https://www.nsa.gov/portals/75/documents/news-features/declassified-documents/uss-pueblo/damage-assessments/Cryptologic_Damage_Assessment_Vol_1.pdf",https://demo.chrisansgroup.com/orma_final/aboutus.html,"24761491, +965) 24761494, 00965 24758361, 24761494",
Hira Cargo Courier Services Sdn Bhd, Malaysia,https://qa.linkedin.com/company/ishrae-qatar-chapter,"https://www.facebook.com/p/Hira-Cargo-Courier-100078230620550/, https://www.facebook.com/p/Hira-Cargo-Courier-100078230620550/?locale=en_GB, https://www.facebook.com/p/Hira-Cargo-Courier-100078230620550/?locale=gn_PY, https://www.facebook.com/p/Hira-Cargo-Courier-100078230620550/?locale=mt_MT, https://www.facebook.com/p/Hira-Cargo-Courier-100078230620550/?locale=gl_ES, https://www.volza.com/company-profile/hira-cargo-courier-service-sdn-48228322/, https://www.tradeatlas.com/en/firms/hira-cargo-courier-services-sdn-b/d7d0ff26475add37, https://www.creditscan.com.my/Malaysia-Company/HIRA-CARGO-COURIER-SERVICES-SDN-BHD/1432018-T, https://my.linkedin.com/in/faizal-ramli-4435271a0, https://in.linkedin.com/in/mohit-hirapara-2811bb267",https://bn.linkedin.com/in/hira-chhantyal-507855157,,
Abdul Aziz S Al Sebaie Sons Co, Kuwait,https://www.linkedin.com/company/almutawagroupkw,"https://www.tradeatlas.com/en/firms/abdul-aziz-s-al-sebaie-son-co/34548a23bab8547a, https://panjiva.com/Abdul-Aziz-S-Al-Sebaie-Sons-Co/62217886, https://www.trademo.com/companies/abdul-aziz-s-al-sebaie-sons-co/33084040, https://www.volza.com/company-profile/abdul-aziz-s-al-sebaie-sons-company-70484051/, https://www.volza.com/company-profile/abdul-aziz-al-sebaie-sons-company-2180145/, https://www.volza.com/company-profile/abdul-aziz-s-al-sebaie-67448220/, https://www.eximpedia.app/companies/abdul-aziz-s-al-sebaie-and-son-co/66426683, https://www.volza.com/company-profile/abdul-aziz-al-sebaie-sons-68963403/, https://www.eximpedia.app/companies/zaiqa-food-industries/50438163, https://www.beatona.net/sites/default/files/magazine/document/kuwait%20national%20implementation%20plan%20to%20the%20Stockholm%20convention%20on%20persistent%20organic%20pollutants.pdf",https://www.aalghanim.com/,22263222,"Contactus@aalghanim.com, contactus@aalghanim.com, sales.leasing@alargan.com"
House of Spices India Inc,United States,https://ph.linkedin.com/company/houseofspices?trk=ppro_cprof,"https://in.linkedin.com/company/charcoaleats, https://www.linkedin.com/in/neil-s-4a8353a, https://www.linkedin.com/company/houseofspices, https://edc.nyc/sites/default/files/2020-09/House%20of%20Spices%20India%20Inc.pdf, https://www.linkedin.com/in/amrapalisoni, https://www.linkedin.com/in/sundeep-singh-lamba-04885b8, https://www.govinfo.gov/content/pkg/USCOURTS-ca3-23-02288/pdf/USCOURTS-ca3-23-02288-0.pdf, https://www.eximpedia.app/companies/house-of-spices-inc/94473672, https://www.linkedin.com/in/raswindersingh, https://www.acquisition.gov/far/part-25",https://www.hosindia.com/contactus,,
Ruby S Food Products Ltd, United Kingdom,https://ch.linkedin.com/company/ruby%27s-bakery-limited,"https://uk.linkedin.com/company/ruby's-food-products-ltd, https://uk.linkedin.com/in/ruby-amarteifio-079a68177, https://uk.linkedin.com/in/thivviyan-krishnasamy-39739227, https://www.tradeatlas.com/en/firms/ruby-s-food-products-ltd/07d2116b6e416a42, https://www.unilever.com/files/92ui5egz/production/0daddecec3fdde4d47d907689fe19e040aab9c58.pdf, https://sg.linkedin.com/in/ruby95, https://vn.linkedin.com/in/ruby-truong-a7646a134, https://ustr.gov/sites/default/files/2024%20NTE%20Report.pdf, https://in.linkedin.com/company/rubyfood, https://www.princess.com/en-us/legal/passage-contract/pcl",https://rubysfoodproducts.com/,020 8799 7180,"7180mail@rubysfoodproducts.comContact, mail@rubysfoodproducts.com"
Super Foods, Bahrain,https://hk.linkedin.com/company/foodsunlimited,"https://uk.linkedin.com/company/go-superfoods-ltd, https://www.tradeatlas.com/en/firms/super-foods-co-w-l-l/46ef1e8ddf59e19c, https://www.fh.org/about/careers/, https://www.gocivilairpatrol.com/programs/cadets/stripes-to-diamonds, https://www.greatermsp.org/, https://www.fsfreshfoods.com/, https://en.wikipedia.org/wiki/7-Eleven, https://www.ceres.org/, https://www.wfpusa.org/articles/effects-child-nutrition-academic-performance-how-school-meals-can-break-cycle-poverty/",https://gramisuperfoods.com/?srsltid=afmboop7xfvor2iuprznzfgluhe2ft0ccltxs5h_ty4pjjtquemabezt,,info@grami.in
LULU SAUDI HYPERMARKETS LLC, Saudi Arabia,https://www.linkedin.com/company/lulu-group/,"https://sa.linkedin.com/in/shehim-%F0%9F%A5%87-6724227, https://www.linkedin.com/posts/luluretail_mrshehim-director-of-lulu-saudi-hypermarkets-activity-7292210424094064640-1IW3, https://sa.linkedin.com/in/muhammed-abdulla-5a2b1b75, https://en.wikipedia.org/wiki/LuLu_Group_International, https://www.luluretail.com/media/3p4ny5qx/lulu-retail-increases-the-size-of-public-offering-en.pdf, https://bh.linkedin.com/in/abdul-shukoor-18732589, https://sa.linkedin.com/in/ramshad-hassan-23b4a84, https://www.linkedin.com/company/lulu-group/, https://www.instagram.com/luluretailholdings/p/DFnc7Gxo-da/, https://ipo.emiratesnbd.com/-/media/ipo/files/lulu/lulu-prospectus-en.pdf",https://gcc.luluhypermarket.com/en-sa/contactus,"8001000330, 1010227701, 300060864110003",
National Bank of Kuwait, Kuwait,https://www.linkedin.com/company/nbkgroup,"https://kw.linkedin.com/in/salah-alfulaij-30a81a127, https://eg.linkedin.com/in/tarek-abuelnaga-721423135, https://www.nbk.com/about-nbk-group/who-we-are.html, https://sa.linkedin.com/in/amro-abbas-04491431, https://www.warbabank.com/english/annual-reports/home/the-corporate-governance-report/board-of-directors, https://www.globaldata.com/company-profile/national-bank-of-kuwait-sak/executives/, https://en.wikipedia.org/wiki/NBK_Capital, https://www.bbkonline.com/, https://www.unrwa.org/, https://uk.linkedin.com/in/bassem-boustany-cfa-frm-6727b44",https://parisonline.nbki.com/contact,"+44 207 872 5456, +44 207 486 3877, +44 207 224 2101, +44 207 224 2277","info@nbki.com, OBparis@nbki.com"
Tasty Food International Trading LLC, United Arab Emirates,https://gh.linkedin.com/company/bluefin-sushi-trading-llc,"https://ae.linkedin.com/in/shaji-balayambath-20ba724b, https://www.linkedin.com/company/tasty-food-group, https://tastyfood.ae/about-us/?srsltid=AfmBOorzW0ns95n8BU5sxPl_DC9s6_BS_HYJz-I9zVxZolU2R_8bb0QZ, https://www.facebook.com/tastyfoodgroup/, https://www.volza.com/company-profile/tasty-food-international-trading-19293084/, https://www.wemeanbusinesscoalition.org/blog/country/united-arab-emirates/page/4/, https://iffco.com/contact-us/, https://www.summit.ae/, https://www.trademo.com/companies/tasty-food-international-trading/40665890, https://ae.linkedin.com/in/zohare",https://tastyfood.ae/contact-us/?srsltid=afmboop49sypweu3jurasc3gjcvhuqravke0ig0hgxbilfhl12nnpjwa,"058 119 4751, 06 534 6034",care@tastyfoodme.com
Baniyas Spike Trading Co LLC, United Arab Emirates,https://www.linkedin.com/company/baniyas-spike-llc/,"https://baniyasspikegroupllc.com/, https://www.linkedin.com/company/baniyas-spike-llc/, https://baniyasspikegroupllc.com/directors/ceos-message/, https://ae.linkedin.com/in/shakkir-aliyar-519242136, https://ae.linkedin.com/in/rahul-mathew-1079b265, https://www.trademo.com/companies/baniyas-spike-trading-co-llc/37918543, https://baniyasspikegroupllc.com/directors/cmds-message/, https://www.dnb.com/business-directory/company-information.other_support_services.ae.html, https://ae.linkedin.com/in/rashid-abdurahiman-a02355108, https://www.linkedin.com/pub/dir/Ashiq/Ali/ae-0-%D8%A7%D9%84%D8%A5%D9%85%D8%A7%D8%B1%D8%A7%D8%AA-%D8%A7%D9%84%D8%B9%D8%B1%D8%A8%D9%8A%D8%A9-%D8%A7%D9%84%D9%85%D8%AA%D8%AD%D8%AF%D8%A9",https://baniyasspikegroupllc.com/,,
PRIME FOOD PRODUCTS LTD, United Kingdom,https://uk.linkedin.com/company/prime-source-foods-ltd,"https://uk.linkedin.com/in/sean-tennant-aab460110, https://uk.linkedin.com/in/jules-o-keefe-4a20816, https://www.novartis.com/, https://www.acquisition.gov/far/subpart-31.2, https://crsreports.congress.gov/product/pdf/R/R47828, https://www.linkedin.com/company/prime-food-products-pvt-ltd, https://www.mercedes-benz-trucks.com/gb/en/home.html, https://www.imf.org/en/Topics/imf-and-covid19/Policy-Responses-to-COVID-19, https://www.fn.com.my/about-us/, https://www.acquisition.gov/dfars/part-225-foreign-acquisition",https://www.primesourcefoods.biz/,"+1 800-842-5553, +1 800-334-2449, +1 888-440-2449",
EXIMTICS INTERNATIONAL PVT LTD, Maldives,,"https://www.eximtics.com/, https://www.tradeatlas.com/en/firms/eximtics-international-pvt-ltd/b779fb3a910314f4, https://tradedata.pro/trade-database-demo/maldives/import-data/company/eximtics-international-pvt-ltd/",https://www.eximtics.com/contact-us/,"+960 959 0010, +03 55650 5164, +601 12345 4964, +960 333 0010","sales.mv@eximtics.com, sales@eximtics.com"
Ansell Dellis Company Limited, Nigeria,,"https://www.ansell.com/ph/en/about-us, https://www.facebook.com/AnsellCorporate/, https://www.tradeatlas.com/en/firms/ansell-dellis-company-ltd/625a426ae9a586c0, https://www.volza.com/company-profile/ansell-dellis-company-limited-64028957/, https://ng.linkedin.com/in/chux-ononuju-43148a63, https://www.trademo.com/companies/ansell-dellis-company-limited/40605114, https://www.njeda.gov/wp-content/uploads/2024/01/December-14-2023-EDA-Board-Book.pdf, https://www.eximpedia.app/companies/ansell-dellis-and-company-limited/46918805, https://scholar.harvard.edu/files/mstephenson/files/stephenson_corruption_bibliography_nov_2021.pdf, https://research.columbia.edu/sites/default/files/content/EHS%20Handbook%202020%20FINAL.pdf",https://www.ansell.com/dk/en/about-us,,
A S T Private Limited, Nepal,https://np.linkedin.com/company/ast-pvt-ltd,"https://www.dnb.com/business-directory/company-profiles.ast_pvt_ltd.1bea281d71d8145ec5934602b43364d0.html, https://np.linkedin.com/company/ast-pvt-ltd, https://np.linkedin.com/in/mukund-agarwal-3a09a614b, https://np.linkedin.com/in/er-kamsul-alam-62322b14b, https://np.linkedin.com/in/bijay-shah-097b31b4, https://www.facebook.com/QualityWithDifference/, https://np.linkedin.com/in/praveen-banka-7b9b4645, https://www.epfindia.gov.in/site_docs/PDFs/Abry/ABRY_Beneficiaries_Upload.pdf, https://www.itcportal.com/about-itc/shareholder-value/annual-reports/itc-annual-report-2024/pdf/ITC-Report-and-Accounts-2024.pdf, https://ast-science.com/wp-content/uploads/2023/08/q2-2023-10q.pdf",https://alliedchem.org/,"+977 9802922281, +977 9802921873, +977 9802588543, +977-51-518412, +977 9802921812, +977 9802921865, +977-1-5218016, +977-1-5219033, +977-1-5219832, +977-1-5219255","prince@alliedchem.orgQuick, prince@alliedchem.org, butwal@alliedchem.com, nirmesh@alliedchem.org, praveen@alliedchem.org, nikhil@alliedchem.org, allied@alliedchem.org"
Al Maya International WLL, Bahrain,https://www.linkedin.com/company/neia-solutions,"https://www.almaya.ae/bahrain/, https://www.dnb.com/business-directory/company-profiles.al_maya_international_wll.4ecb276b4dfab5b29a15905f614b89c7.html, https://www.almaya.ae/bahrain/contact-us.php, https://www.almaya.ae/bahrain/about-us.php, https://www.linkedin.com/company/al-maya-group, https://www.almaya.ae/, https://www.treasury.gov/ofac/downloads/sdnlist.pdf, https://www.almaya.ae/kuwait/about-us.php, https://jusmundi.com/en/document/decision/en-al-maya-trading-establishment-v-global-export-marketing-co-ltd-opinion-order-of-the-united-states-district-court-for-the-southern-district-of-new-york-friday-17th-march-2017, https://www.trademo.com/bahrain/buyers/hscode/170199/3",https://www.almaya.ae/bahrain/contact-us.php,"+973 17 777 679, +973 17 777 689",operations.bh@almaya.ae
Datar and Sons Ltd L L C, Oman,https://www.linkedin.com/company/noor-shopping,"https://in.linkedin.com/company/datar-sons-limited-llc?trk=public_profile_experience-item_profile-section-card_subtitle-click, https://ae.linkedin.com/in/rithesh-nampelli-5a79811a, https://ae.linkedin.com/in/sanjay-datar-a5a230b1, https://www.zoominfo.com/c/datar--sons-limited-llc/459913191, https://ae.linkedin.com/in/shaifuddin-chowdhury-3a717b20, https://www.tradeatlas.com/en/firms/datar-and-sons-ltd-l-l-c-sol/c6d8d7a50125e462, https://ae.linkedin.com/in/shashi-shekar-00644161, https://www.volza.com/company-profile/datar-and-sons-ltd-llc-71879301/, https://www.sec.gov/Archives/edgar/data/1283699/000119312518310671/d589303d424b3.htm, https://www.thetradevision.com/global/hing-asafoetida-import-export-data",https://datarspices.ae/contact-us/,"+91 22 40051599, 9716 7435240, 971 674 3524, 91 22 4004 2208, 9716 7436963, +91 22 2666 1965, +91 9820874721",datarsm@eim.ae
Herbaria Zrt, Hungary,,"https://www.oregon.gov/pharmacy/Documents/AgendaJune19.pdf, https://eur-lex.europa.eu/legal-content/EN/TXT/PDF/?uri=OJ:C:2018:110:FULL, https://eur-lex.europa.eu/legal-content/EN/TXT/HTML/?uri=OJ:C:2023:216:FULL, https://www.oregon.gov/pharmacy/Documents/June_2021_Bd_Mtg_Agenda.pdf, http://www.carpathianconvention.org/tl_files/carpathiancon/Downloads/03%20Meetings%20and%20Events/COP/2008_COP2_Bucharest/COP2_Information%20documents/16Report2_ForestPolicy.pdf, https://www.ceginformacio.hu/cr9310111124_EN, https://indico.uni-sopron.hu/event/1/attachments/1/11/Hardwood%20Proceedings%202024.pdf, https://www.diamond-congress.hu/shared/eucarpia2016_proceedings.pdf, https://www.gfa-group.de/web-archive/association4u/images/review-of-the-case-law-of-the-eu-court-of-justice---fields-covered-by-the-association-agreement---2018.1.1.pdf, https://www.ccf.customs.gov.au/reference/production/main/AQSPRDCR-P1-EDMAIN-2503170205.txt",https://www.hungaricum.pl/en_us/producer/herbaria-zrt./26?srsltid=afmbooqmwwlobb5ivrzjoh-ugupempcslijat_8dbahvdghsg0uwszn6,,
MG INTERNATIONAL LTD, New Zealand,https://www.linkedin.com/company/mg-international-ltd,"https://www.dnb.com/business-directory/company-profiles.mg_international_limited.48ce063c56678742e52cb8b551031ddc.html, https://nz.linkedin.com/in/dhaval-dave-4a115399, https://www.mggroup.co.nz/about-mg/our-people/, https://panjiva.com/Mg-International-Ltd/45832024, https://sg.linkedin.com/in/david-baxter-a9531010, https://www.mictsl.mg/en/node/1118, https://www.biosynth.com/, https://nz.linkedin.com/in/kashishgupta1, https://eur-lex.europa.eu/legal-content/EN/TXT/PDF/?uri=OJ:C:2006:152:FULL&from=BG, https://eur-lex.europa.eu/legal-content/EN/TXT/PDF/?uri=OJ:C:2001:053:FULL",,,
Westpac Banking Corporation, Australia,https://au.linkedin.com/company/westpac,"https://www.westpac.com.au/about-westpac/westpac-group/executive-team/, https://www.westpac.com.au/about-westpac/westpac-group/board-of-directors/, https://en.wikipedia.org/wiki/Westpac, https://www.westpac.com.au/, https://www.globaldata.com/company-profile/westpac-banking-corp/executives/, https://au.linkedin.com/in/michaelcampbellrowland, https://www.fool.com.au/tickers/asx-wbc/page/369/, https://www.fool.com.au/tickers/asx-wbc/page/321/, https://www.austlii.edu.au/au/other/rulings/ato/ATOCR/2022/CR202271.html, https://www8.austlii.edu.au/au/other/rulings/ato/ATOCR/2021/CR202165.html",https://www.westpac.com.au/contact-us/,"+61 2) 9155 7737, 1300 655 505, (02) 9155 7714, 1300 134 291, 33 007 457 141, +61 2) 9155 7700, 1300 651 089",
MSAL Rawabi Foodstuff, Qatar,,"https://www.trademo.com/companies/msal-rawabi-foodstuff-doha-qatar/40725762, https://www.volza.com/company-profile/msal-rawabi-foodstuff-doha-qatar-70217075/, https://www.volza.com/company-profile/msal-rawabi-foodstuff-68918166, https://www.researchgate.net/publication/292966835_Abu_Dhabi_Real_data_from_real_buildings, https://iasarabia.org/wp-content/uploads/2021/09/BFSA_Bulletin_2015_20-1.pdf, http://www.uaedatabase.com/emirates/SharjahBusinessDirectoryWithActivitiesandemirates.htm, https://archive.org/stream/KSULKSColl196869V75N124/KSUL_KS%20Coll_1968-69_v75_n1-24_djvu.txt",https://www.alrawabigroup.com/,"+974 44806447, 2021-2022, +974 44689844, 2010-2025",
GAMEBOY GENERAL TRADING, United Arab Emirates,https://uk.linkedin.com/company/gba-products-company-ltd-,"https://uk.linkedin.com/company/gba-products-company-ltd-, https://www.trademo.com/companies/gameboy-general-trading/41533430, https://www.volza.com/company-profile/gameboy-general-trading-82797363/, https://ae.linkedin.com/in/ram-kini-15213a12, https://www.eximpedia.app/companies/gameboy-general-trading/91241208, https://www.tradeatlas.com/en/firms/gameboy-general-trading/1df46d36f6c8c637, https://www.trademo.com/companies/ventura-impex-general-trading-l-l-c/40457204, https://www.thetradevision.com/global/pickle-hs-code-0910-buyers-in-united-arab-emirates, https://gdprhub.eu/index.php?title=APD/GBA_(Belgium)_-_07/2024, https://www.gao.gov/products/b-407668%2Cb-407668.2%2Cb-407668.3%2Cb-407668.4",https://gba.ae/contact/,"+597 886-1212, +597 531833, +597 78861212",
Falcon Global Arabian Trading, Saudi Arabia,https://www.linkedin.com/company/arabdreamsbiz/?viewAsMember=true,"https://in.linkedin.com/company/teampro-hr-it-services-pvt-ltd, https://www.falconglobalonline.com/, https://ae.linkedin.com/company/falcongroupofcompanies, https://www.eximpedia.app/companies/falcon-global-arabian-trading-compa/44178794, https://falconglobalonline.com/otherlocation.php, https://ae.linkedin.com/in/shafeek-rahman-3a3a9749, https://www.linkedin.com/pub/dir/Falcon+Falcon/+, https://www.linkedin.com/pub/dir/Falcon/..., https://www.tradeatlas.com/en/firms/falcon-global-arabian-trading/ff66b7214d8fc91b, https://www.linkedin.com/in/aryan-matin-79187825, https://bh.linkedin.com/in/urvashi-bhatia-90632987",https://falconglobalonline.com/headoffice.php,"+971 4 2895440, +971 4 2895441",falcong@emirates.net.ae
Lo Sons Foods International, Canada,https://es.linkedin.com/company/richardson-international,"https://www.linkedin.com/company/lo-&-sons, https://www.linkedin.com/in/helen-lo-464b2423, https://www.tradeatlas.com/en/firms/lo-sons-foods-international/4345e7291d956e7c, https://www.volza.com/company-profile/lo-sons-foods-international-19328000/, https://unos.org/, https://sequoiaclimate.org/who-we-are/, https://homeboyindustries.org/, https://www.khanacademy.org/about/the-team, https://www.ecfr.gov/current/title-21/chapter-I/subchapter-B/part-101, https://rmhc.org/",https://www.loandsons.com/?srsltid=afmboopo0r5weu9epxb7tvlmdw2oqwoc5tt2knmsj_d6cjuzi4jixpt6,,
TRS Wholesale Company Limited, Netherlands,https://www.linkedin.com/company/trsgroup.com,"https://in.linkedin.com/company/trsgroup.com?trk=similar-pages_result-card_full-click, https://uk.linkedin.com/company/trs-wholesale-co.-limited, https://www.eximpedia.app/companies/trs-wholesale-co-limited/07984429, https://www.volza.com/company-profile/trs-wholesale-co-ltd-71835674/, https://www.volza.com/company-profile/trs-wholesale-company-limited-77726083/, https://www.eximpedia.app/companies/to-order-t-w-c-l-trs-wholesale-company-limited/15995018, https://uk.linkedin.com/in/furrukh-sheikh-980b9035, https://www.trs.texas.gov/TRS%20Documents/board-book-dec-2024.pdf, https://www.usac.org/wp-content/uploads/service-providers/documents/forms/2023/2023-FCC-Form-499A-Form-Instructions.pdf, https://www.volza.com/company-profile/trs-wholesale-company-ltd-76001974/, https://apps.fcc.gov/edocs_public/attachmatch/DA-16-1269A2.pdf",https://www.trsfood.com/contact-us/,,
Spice Home, Japan,https://www.linkedin.com/company/not-green?trk=public_post_main-feed-card_reshare-text,"https://in.linkedin.com/company/spice-nest, https://in.linkedin.com/company/creww-en?trk=public_profile_experience-item_profile-section-card_subtitle-click, https://jp.linkedin.com/in/yasuo-yoshikawa-67941b36, https://www.cbp.gov/sites/default/files/documents/Importing%20into%20the%20U.S.pdf, https://www.fsis.usda.gov/sites/default/files/media_file/2021-03/FPLIC_2a_Labeling.pdf, https://nz.linkedin.com/in/lee-anne-spice-a1144860, https://marylandtaxes.gov/forms/Tax_Publications/Sales_and_Use_Tax-List_of_TPP_and_Services.pdf, https://www.internationalspiceconference.com/, https://dove-reindeer-pndx.squarespace.com/events-calendar/2022/plated-landscape-summer-forage-7-fwxab, https://www.seaf.com/seaf-invests-in-leading-spice-processor-supplier/, https://www.justonecookbook.com/yakisoba/, https://www.fda.gov/food/food-safety-modernization-act-fsma/frequently-asked-questions-fsma-food-traceability-rule",https://sakaispice.com/about-us,"+81-48-852-4841, +81-48-855-6618, 955 537 554","9446info@sakaispice.com, info@sakaispice.com, eduardo@vadimarperu.com, 554eduardo@vadimarperu.com"
Falcon Global Arabian Trading, Saudi Arabia,https://www.linkedin.com/company/arabdreamsbiz/?viewAsMember=true,"https://in.linkedin.com/company/teampro-hr-it-services-pvt-ltd, https://www.falconglobalonline.com/, https://ae.linkedin.com/company/falcongroupofcompanies, https://www.eximpedia.app/companies/falcon-global-arabian-trading-compa/44178794, https://falconglobalonline.com/otherlocation.php, https://ae.linkedin.com/in/shafeek-rahman-3a3a9749, https://www.tradeatlas.com/en/firms/falcon-global-arabian-trading/ff66b7214d8fc91b, https://www.linkedin.com/in/aryan-matin-79187825, https://bh.linkedin.com/in/urvashi-bhatia-90632987, https://www.sec.gov/Archives/edgar/data/1937987/000121390023091168/fs12023a1_falconsbeyond.htm, https://rocketreach.co/falcon-global-general-trading-llc-profile_b4273785ff2e6f62",https://falconglobalonline.com/headoffice.php,"+971 4 2895440, +971 4 2895441",falcong@emirates.net.ae
Misedet Hamelech Maharaja LTD, Israel,,"https://bbs.fobshanghai.com/company/15k81lb69sl0754.html, https://www.tradeatlas.com/en/firms/misedet-hamelech-maharaja-ltd/04120b8f107670f5, https://www.volza.com/company-profile/misedet-hamelech-maharaja-ltd-19285944/, https://sourcing.freshdi.com/buyer/qp5kdf35dm, https://www.trademo.com/companies/misedet-hamelech-maharaja-ltd/34596890, https://vn.nbd.ltd/trader/info/NBDDIY300165253, https://www.eximpedia.app/companies/misedet-hamelech-maharaja-limited/67740284, https://www.trademo.com/israel/buyers/hscode/100630",https://en.52wmb.com/buyer/23682625,"11029090, 10063010, 09109100, 1235342, 21069099, 19049000, 6571959, 21069099
305, 20019000, 10063090, 2010-2025, +8616621075894, 7795839",
S M J Company Ltd, Ghana,https://gh.linkedin.com/company/holocombe-flooring,"https://gh.linkedin.com/in/sameh-zeidani-a2205014b, https://gh.linkedin.com/in/selassie-smj-16057551, https://cm.linkedin.com/in/michel-peter-62b421122, https://www.trademo.com/companies/s-m-j-co-ltd/41505104, https://law.lclark.edu/live/files/25457-civil-procedure-i, https://www.tradeatlas.com/en/firms/s-m-j-company-ltd/c6f11fc9e3b8a2fa, https://shibaura-machine.ca/forced-labour-report/, https://www.jst.com/resources/application-tooling-guide/crimp-style/, https://www.calbar.ca.gov/Portals/0/documents/admissions/gbx/July2015_CBXSelectedAnswers_EssayQuestions1-6_R.pdf",https://husfarm.com/company/e6c6ccaa-2c91-4a12-95e4-45943a6b8332,+233-0-503396000,"office@husfarm.comImportant, office@husfarm.com"
Dutronix General Trading LLC, United Arab Emirates,,"https://www.linkedin.com/company/dutronix?trk=similar-pages_result-card_full-click, https://www.volza.com/company-profile/dutronix-general-trading-llc-42816565/, https://www.tradeatlas.com/en/firms/dutronix-general-trading-llc/24509b57c8c2e251, https://www.trademo.com/companies/m-s-dutronix-general-trading-llc/44780406, https://www.eximpedia.app/companies/dutronix-general-trading-llc/02757174, https://www.volza.com/company-profile/dutronix-contracting-llc-78662108/, https://www.trademo.com/companies/treesa-s-food-crafts-private-limited/40418686, https://es.scribd.com/document/612626497/data-SA-YAtch, https://pdfcoffee.com/download/data-sa-yatch-pdf-free.html",https://en.52wmb.com/buyer/81877550,"7149981, 08134010, 8681127, 73181500, 3-0100-304, 1200-1000, 0050-0538, +8616621075894, 21050000, 0040-304, 7763414, 72131090, 2311202401, 0050-9627, 2-0050-0456, 76109030, 76109030
136, 2010-2025, 5600-1000, 0050-304, 8472735, 10-0060-1908, 30-0050-0524, 0050-0567",
Top Op Foods Ltd, United Kingdom,https://www.linkedin.com/company/eurofoods,"https://in.linkedin.com/company/classicfinefoodsuk?trk=similar-pages_result-card_full-click, https://uk.linkedin.com/in/babu-shah-b49a0358, https://ae.linkedin.com/in/shamir-shah-57767039, https://uk.linkedin.com/in/shakil-shah-26212b34, https://aptar.com/, https://en.wikipedia.org/wiki/Bright_Food, https://www.ceres.org/, https://www.mesaaz.gov/Business-Development/Licensing/Mesa-General-Business-License, https://www.linkedin.com/in/reza-mousavi-b817544a/, https://www.bp.com/, https://www.ecfr.gov/current/title-21/chapter-I/subchapter-B/part-101",https://www.foodtravelexperts.com/,"0843 289 8732, 0161 902 9911, +44 7488 862920, +44 117 937 6120",
Pettah Essence Suppliers, Sri Lanka,https://www.linkedin.com/company/kspa-paper,"https://www.dnb.com/business-directory/company-profiles.pettah_essence_suppliers_(pvt)_ltd.e6dd26be93d2c1855354a5fb5b3a03b0.html, https://lk.linkedin.com/in/saran-saran-0aa96356, https://www.zoominfo.com/p/Saran-Saran/7742827929, https://lk.linkedin.com/in/subramaniyam-ramachandran-3340b7166, https://www.volza.com/company-profile/pettah-essence-suppliers-2212890/, https://www.tradeatlas.com/en/firms/pettah-essence-supplier/2bfe1d13ff1124cb, https://lk.linkedin.com/in/subramaniyam-ramachandran-527a7018a, https://www.linkedin.com/in/parami-gunasekera, https://lk.linkedin.com/in/bilal-nifras-257408164, https://www.ird.gov.lk/en/Type%20of%20Taxes/SVAT_Downloads/SVAT_RIS_20240101.pdf",https://aeroleads.com/c/pettah-essence-suppliers,,
Alzabidi Trading Co MFZ L L C, Oman,,"https://www.tradeatlas.com/en/firms/al-zabidi-trading-co-mfz-llc/4ba049e304ed1edd, https://www.trademo.com/companies/ms-alzabidi-trading-co-mfz-llc/44929694",,,
BLACK LINE GENERAL TRADING, United Arab Emirates,https://www.linkedin.com/company/stormare-general-trading-l-l-c,"https://in.linkedin.com/company/al-abbas-trading-l-l-c?trk=public_profile_experience-item_profile-section-card_image-click, https://www.volza.com/company-profile/black-line-general-trading-82779536/, https://www.volza.com/company-profile/black-line-general-trading-sole-proprietorship-67357251/, https://ae.linkedin.com/in/niyas-ahmed-491b931a, https://www.tradeatlas.com/en/firms/blackline-general-trading-sole-prop/265b1f964901d4c5, https://www.trademo.com/companies/black-line-general-trading-sole-pro/40602739, https://www.volza.com/company-profile/black-line-general-trading-sole-proprietorship-59667544/, https://www.cftc.gov/Forms/OCR/index.htm, https://tdra.gov.ae/en/approved-equipments, https://www.congress.gov/bill/117th-congress/house-bill/7776/text, https://en.wikipedia.org/wiki/Burger_King",https://www.blacklineuae.com/,,
SPICE CITY TRADING CO, Saudi Arabia,https://www.linkedin.com/company/ogaretco-almanar,"https://in.linkedin.com/company/vad-industries, https://www.eximpedia.app/companies/spice-city-trading-co/61049242, https://sa.linkedin.com/in/safwanzendaki/en, https://www.trademo.com/companies/spice-city-trading-company/40665865, https://ca.linkedin.com/in/mark-field-43822854, https://kw.linkedin.com/in/taher-ali-asgar-ali-78a7a11a1, https://en.wikipedia.org/wiki/Burger_King, https://www.fsis.usda.gov/sites/default/files/media_file/2021-03/FPLIC_2a_Labeling.pdf, https://www.accessdata.fda.gov/cms_ia/importalert_263.html, https://www.accessdata.fda.gov/cms_ia/importalert_111.html, https://www.eximpedia.app/companies/dipak-trading-co-private-limited/43420406",https://www.spicytradeco.com/,,
HIGHRANGE IMPORTS NZ LIMITED, New Zealand,,"https://www.facebook.com/people/Highrange-Imports-NZ-LTD/61564567091049/, https://m.facebook.com/61564567091049/mentions/, https://www.volza.com/company-profile/highrange-imports-nz-ltd-65454039/, https://www.tradeatlas.com/en/firms/highrange-imports-nz-ltd/c9f8365f6645fc90, https://www.dnb.com/business-directory/company-profiles.highrange_trading_nz_limited.696e1d8b3b645994583db832856144e0.html, http://www.eximpedia.app/companies/highrange-imports-nz-limited/94669293, https://www.facebook.com/story.php?story_fbid=122148419228485569&id=61564567091049, https://www.facebook.com/permalink.php/?story_fbid=122114008610485569&id=61564567091049, https://www.facebook.com/groups/700451810111676/posts/3077715705718596/, https://nz.linkedin.com/in/vinay-shanbhag-pmp%C2%AE-3b286228",https://www.instagram.com/highrangeimports/,,
Asim NZ Limited, New Zealand,https://my.linkedin.com/company/dialog-fitzroy-ltd?trk=ppro_cprof,"https://nz.linkedin.com/company/innovative-education-consultants, https://www.trademo.com/companies/asim-nz-ltd/38062911, https://nz.linkedin.com/in/muhammad-asim-khan, https://nz.linkedin.com/in/aibhatti, https://fj.linkedin.com/in/asim-mohammed-980285ba, https://www.volza.com/company-profile/asim-nz-limited-19380924/, https://www.trademo.com/companies/jeerawala-traders/32809900, https://www.linkedin.com/in/jessica-rust-46a7a7106, https://www.nature.com/srep/about/editors, https://www.otago.ac.nz/__data/assets/pdf_file/0021/323733/oneill-v-phillips-a-solution-all-shareholders-can-agree-on-672769.pdf",https://en.52wmb.com/buyer/24580159,"09109100, 19030000, 8679125, 11061090, 19049000, 11029090
153, +8616621075894, 12074090, 09042211, 19041090, 19041020, 2010-2025, 21061000, 09103030, 21069099",
Illva Saronno S p A, Italy,https://in.linkedin.com/company/illva-saronno-s.p.a.-o-piu-brevemente-i.s.-s.p.a.,"https://in.linkedin.com/company/illva-saronno-s.p.a.-o-piu-brevemente-i.s.-s.p.a., https://illvacareers.com/the-illva-group/?lang=en, https://www.bevnet.com/spirits/2024/illva-saronno-holding-s-p-a-continues-its-expansion-strategy-and-acquires-the-engine-company/, https://www.disaronno.com/int/terms-conditions/, https://casetext.com/case/idv-north-america-v-saronno-no-cv-99-058059-sep, https://illvacareers.com/?lang=en, https://it.linkedin.com/in/sandro-petruzziello-2922241b, https://www.bebeez.eu/2023/09/18/illva-saronno-holding-takes-over-majority-stake-in-sagamore-spirit-and-strengthens-in-the-u-s/, https://illvacareers.com/wp-content/uploads/2023/09/ILLVA_BILANCIO-DI-SOSTENIBILITA_ENG-compressed.pdf, https://it.linkedin.com/in/enrico-clerici-5353837, https://in.linkedin.com/in/jitendra-diwan-47a22513",https://www.prweb.com/releases/illva-saronno-holding-spa-announces-majority-stake-purchase-of-sagamore-spirit-301927953.html,"888-776-0942, 908-229-3529, 877-297-8921",csmith@colangelopr.comSOURCE
VELS SPICES PTY LTD, Australia,,"https://au.linkedin.com/in/senthuran-velautham-32611369, https://www.tradeatlas.com/en/firms/vels-spices-pty-ltd/62d064dd968c0f7c, https://www.zoominfo.com/c/velspices-pty-ltd/374672623, https://www.volza.com/company-profile/vel-spices-2194212, https://velspices.com.au/pages/privacy-policy?srsltid=AfmBOop4UjIFkWv6vvbUH9_Ka8zNN4E43nzUuIeff-VaVhvq6b_CCgUQ, https://au.linkedin.com/in/lavanya-yelamati-4a9219104, https://www.volza.com/company-profile/vels-spices-pty-68913643/, https://www.volza.com/company-profile/vels-spices-pty-ltd-16970725/, http://pericles.ipaustralia.gov.au/ols/epublish/content/journals/trademarks/tm3140p20171012.pdf, http://pericles.ipaustralia.gov.au/ols/epublish/content/journals/trademarks/tm2615p20120426.pdf",https://velspices.com.au/pages/contact?srsltid=afmbooqudmimgj7mb5gbqfl5rzfrsmqttwyrcehy_gw1hjspd3z6mg32,"0397 828 611 046, (03) 9783 0453, +61) 469 061 661, 0397 828 611, (03) 97828611, (03) 9782 8611, 046 906 1661",
1598682 Ontario Ltd, Canada,,"https://hfsrb.illinois.gov/content/dam/soi/en/web/hfsrb/projects/projectdocuments/2019/19-030/14-19-030-coulterville-ltc.pdf, https://plaintree.com/pdf/2021_PTS_MIC.pdf, https://www.ic.gc.ca/opic-cipo/tmj/eng/view.html?year=2014&edition=01-22&file=Journal_en.html, http://pericles.ipaustralia.gov.au/ols/epublish/content/journals/trademarks/tm2802p20140116.pdf, https://archive.org/stream/reportofministe1953onta/reportofministe1953onta_djvu.txt, https://archive.org/stream/reportofministe1952onta/reportofministe1952onta_djvu.txt, https://www.ic.gc.ca/opic-cipo/tmj/fra/visualisation.html?year=2014&edition=01-22&file=Journal_fr.html",https://en.52wmb.com/supplier/147702214,"17011310, 5363358, 08134010, 8150305, 15131900, 15155091, 1598682, 2229074, 07133990, 07139090, 09042211, 09041120, +8616621075894, 21069099, 09042110, 09092200, 09096139, 07139010, 12075090, 15089091, 1877717, 2010-2025, 09093129, 09109912, 09109990, 5057065",
ES Food Industries Sdn Bhd, Sri Lanka,https://es.linkedin.com/company/khawtaifood,"https://www.volza.com/company-profile/es-food-industries-sdn-bhd-406194-a-157680/, https://www.eximpedia.app/companies/es-food-industries-sdn-bhd/70145376, https://www.congress.gov/bill/118th-congress/house-bill/8771/text, https://www.doehler.com/en/about-doehler/our-locations.html, https://www.iff.com/about/locations/subsidiaries/, https://www.congress.gov/bill/117th-congress/house-bill/7776/text, https://www.undp.org/home, https://www.statista.com/, https://www.fonterra.com/nz/en.html",https://iffco.com/contact-us/,"+971 6 526 3922, +97127114111, 968 26886042, +92 21 34730023, +253 77509010, +968 2461 4889, +971 4 346 7007, +971 6 502 9555, +971 4 5798767, 968 26884049, 216 36 404 370, +971 6 502 9185, +968 2444 6034, +213 23 850 421, +92 21 111-433-267, +971 3 721 6555, +968 2236 0280, +90 216 280 8080, +216 71 535 215, 917337333700, +60 7 251 2811, +971 3 737 2992, +254 787786701, +971 3 721 5208, +244 922521760, +233-302966902, +234 8057597146, +1 404 688 4000, +380674471704, +966 1138875457, 971 6 554 6950, +971 6 5029284, +90 216 280 8090, +971 6 8827875, +62 21 391 8666, +964 772 769 8587, +971 4 885 8991, +968 2444 6048, +968 2698 3900, +971 4 329 1552, +971 6 533 8505, +971 4 285 6797, +971 3 737 2995, +213 23 850 332, +6565090875, +968 2698 3909, +971 6 528 2868, +9714-3392949, (06) 5029000, +33 1 4020 7840, +381628621577, +27 31 536 3200, +27844013460, +38641663523, +971 6 743 6814, +971 6 528 5195, +62 77 871 1170, +968 2236 0250, +60 7 251 4650, +60 3 3168 7601, +971 4 333 0550, +966 6517069, +971 6 743 5503, +968 2461 4888, +60 3 2176 0355, +27315363200, +34 932 389 745, +216 71 535 189, +92 21 3473 0287, +971 6 533 4969, +965 2433 0115, +20 2 2522 5380, +387 33 760 470, +39 0823 822111, +27865241885, +62 21 391 5666, +1 404 688 6000, 213 23 850 262, +90 232 280 8080, +971 6 526 3923, +39 02 3592780, +971 4 2150000, +256 751102558, +971 4 285 5253, +250 783798287, +971 6 528 5720, +33 1 4020 0620, +966 14 396 2499, +961 71 271 270, +971 6 502 9189, +255 738744000, +971 4 2855724, +92 21 3473 0151, +971 6 502 9190, +60 3 2174 2020, +971 6 502 9000, +971 4 3323279, +966 6520288, +34 628 783 852, +971 4 333 0555, +21673301899, +381 11 3284 212, +971 4 608 2888, +965 2433 0112, +90 232 280 8090, +387 33 766 472, +251 912502714, +202)25867700, +62 77 871 1171, 00971508704207, +971 6 533 3180, +966 12 6520288, +971 4 2850066, +971 6 5614818, 6565090875, +971 4 885 8144, +60 3 3167 1980, +966 126527816, +9714-3895822, +34958228061",
Shri Impex Kft, Hungary,,"https://www.trademo.com/companies/shri-impex-kft/44778093, https://www.volza.com/company-profile/shri-impex-kft-87372500/, https://www.eximpedia.app/companies/shri-impex-kft/98141132, https://in.linkedin.com/in/mohit-sharma-2993a2140, https://www.accessdata.fda.gov/cms_ia/importalert_263.html, https://thedocs.worldbank.org/en/doc/335661513021336343-0290022017/render/ListofDebarredEntitiesDec82017.pdf, https://www.linkedin.com/directory/companies/s-7, https://uncitral.un.org/sites/uncitral.un.org/files/media-documents/uncitral/en/mal-digest-2012-e.pdf, https://link.springer.com/content/pdf/10.1007/978-94-011-2232-0_6.pdf",https://en.52wmb.com/buyer/176664193,"15089099, 7824333, 15132990, 08011100, 2010-2025, 20098990, +8616621075894, 15155099",
ASIAN BISCUIT AND CONFECTIONERY P LIMITED, Nepal,,"https://np.linkedin.com/in/mahesh-shah-3807b5a8, https://np.linkedin.com/in/dipendra-bothra-3632507b, https://np.linkedin.com/in/mahesh-shah-451864142, https://www.shardagroup.com/biscuitsandconfectionery.php, https://np.linkedin.com/in/rajkumar-shrestha-0539b1a4, https://np.linkedin.com/in/sanjay-ghimire-505776172, https://in.linkedin.com/in/pankaj-kumar-singh-61686611, https://lk.linkedin.com/in/shyamali-perera-6a8240187, https://www.epfindia.gov.in/site_docs/PDFs/Abry/ABRY_Beneficiaries_Upload.pdf, https://www.doehler.com/en/about-doehler/our-locations.html",https://www.shardagroup.com/biscuitsandconfectionery.php,,
Marine Corner General Trading L L C, United Arab Emirates,https://ae.linkedin.com/company/minarenterprises,"https://www.trademo.com/companies/marine-corner-general-trading-llc/37829099, https://www.volza.com/company-profile/marine-corner-general-trading-l-l-c-19441901/, https://www.tradeatlas.com/en/firms/marine-corner-general-trading-l-l-c/78686c4b9e08aee1, https://www.atninfo.com/co/marine-corner-general-trading-llc-dubai-129874, https://www.eximpedia.app/companies/marine-corner-general-trading-l-l-c/49541483, https://www.trademo.com/companies/marine-corner/48058808, https://www.hidubai.com/businesses/marine-corner-general-trading-b2b-services-distributors-wholesalers-al-quoz-3-dubai, https://qc.moiat.gov.ae/-/media/site/moiat/open-data-document-library/website/excel/factoriesreport-english.ashx, https://m.treasury.gov/ofac/downloads/sdnnew16.pdf, https://www.aiib.org/en/about-aiib/who-we-are/debarment-list/index.html",https://en.52wmb.com/buyer/64507059,"11022000, 7071445, 15131900, 10063010, 1367430, 2845547, 04059020, 07133990, 07139090, +8616621075894, 2457902, 07129090, 15089091, 10063090, 2010-2025, 7017459, 15155099, 19059090, 8111883, 8172623, 25010010",
Belad Alsafwa for General Trading Ltd, Iraq,,"https://sourcing.freshdi.com/buyer/2m7t0gkqmm, https://www.tradeatlas.com/en/firms/belad-alsafwa-for-general-trading-co-ltd/772f3d62a6aee822, https://www.volza.com/company-profile/belad-alsafwa-trading-co-78791756/, https://iq.linkedin.com/in/muntadhar-dahlaki-b87984a3, https://www.eximpedia.app/companies/belad-alsafwa-trading-co/27319853, https://www.eximpedia.app/companies/belad-alsafwa-for-general-trading-l/84344824, https://www.trademo.com/companies/belad-alsafwa-trading-co/26781964, https://www.eximpedia.app/companies/seahath-canning-company/98144969, https://www.volza.com/company-profile/belad-alsafwa-co-75556",https://basafwa.com/,,
Aiva Products, United States,https://www.linkedin.com/company/aiva-products,"https://www.linkedin.com/in/ashwin-shah-31a7b4291, https://www.linkedin.com/company/aiva-products, https://www.aivaproducts.com/pages/our-story?srsltid=AfmBOoqUs9yUivFXI3ZilCzrPfoLyoD6c4AS3ENU-uUQ7_HHjnO-tmXd, https://www.aivaproducts.com/pages/contact-us?srsltid=AfmBOoolsrbVD_LvnGBkqtvUEo969DxXpOf9Grh9j4JWfd2xe_xcw6QY, https://www.linkedin.com/in/vinay-patel-76aa9075, https://www.aivaproducts.com/?srsltid=AfmBOorid0ti7OSmZdmozLvzhzLKHAxzgLbcw6h4DqlsPadiMNf03hh8, https://www.linkedin.com/in/michael-cookson-a7940114, https://www.govinfo.gov/content/pkg/USCOURTS-mnd-0_09-cv-01091/pdf/USCOURTS-mnd-0_09-cv-01091-5.pdf, https://insurance.delaware.gov/wp-content/uploads/sites/15/2016/12/Aviva06web.pdf, https://www.easyleadz.com/company/aiva-products",https://www.aivaproducts.com/pages/contact-us?srsltid=afmboorcdk96rczbqc6jfu0kio8cm_birbv5p6kjmzsixnobb1iqc-za,,info@aivaproducts.com
Chetak Melbourne, Australia,https://au.linkedin.com/company/mahivisaservices,"https://www.dnb.com/business-directory/company-profiles.chetak_melbourne_pty_ltd.f30686c810fefbb8eb44dc682439bcca.html, https://au.linkedin.com/in/banty-bahi-je-aman-17988958, https://www.volza.com/company-profile/chetak-melbourne-pty-ltd-19403797/, https://www.tradeatlas.com/en/firms/chetak-melbourne-pty-ltd/e1be2bbfc0e152f9, https://in.linkedin.com/in/roma-patel-10293425b, https://in.linkedin.com/in/chetak-goyal-abb2b515, https://www.volza.com/company-profile/chetak-melbourne-pty-22928270, https://www.mha.gov.in/sites/default/files/AnnualreportEnglish_04102023.pdf, https://www.eximpedia.app/companies/chetak-melbourne-pty-limited/63886805, https://www.trademo.com/companies/chetak-melbourne-unit-1-4-railway/40643886",,,
PT Amrach Indo Overseas, Indonesia,,"https://www.volza.com/company-profile/pt-amrach-indo-overseas-89723161/, https://www.tradeatlas.com/en/firms/pt-amrach-indo-overseas/e1a5a66ad23ce8da, https://www.volza.com/company-profile/pt-amrach-indo-overseas-kirana-two-85662423/, https://www.volza.com/company-profile/pt-amrach-indo-overseas-64013394/, https://www.volza.com/company-profile/pt-amrach-indo-overseas-20105964/, https://www.eximpedia.app/companies/pt-amrach-indo-overseas/76359371, https://www.eximpedia.app/companies/pt-amrach-indo-overseas/45477184, https://www.trademo.com/companies/pt-amrach-indo-overseas-kirana-two/40673683, https://www.eximpedia.app/products/cut-mango-pickle-import-export-data, https://www.eximpedia.app/products/ribbon-pakoda-import-export-data",https://en.52wmb.com/buyer/78319349,"7033735, 09109929, 09109100, 8752670, 09109929
107, 15121910, 21069099
370, +8616621075894, 20019000, 19041090, 2010-2025, 17019990, 21061000, 19059040, 11010000",
FOOD SOLUTION ENGLAND LTD, United Kingdom,https://uk.linkedin.com/company/waste-food-solutions-limited,"https://uk.linkedin.com/company/ingredients-uk-limited, https://uk.linkedin.com/in/janet-wright-b4550112, https://uk.linkedin.com/in/john-kenneth-ihemedu-a4957b39, https://uk.linkedin.com/in/jonathan-davies-44645a52, https://uk.linkedin.com/in/ray-waller-9823932b, https://uk.linkedin.com/in/malcolm-law-4894aa24, https://uk.linkedin.com/in/david-wolf-fifst-1891a319, https://uk.linkedin.com/in/mark-tuson-57493013, https://uk.linkedin.com/in/felipe-solano-272021a3, https://uk.linkedin.com/in/paul-rhodes-83169284, https://www.dssmith.com/",https://www.totalfoodsolutions.org/,+44 (0) 7478800714,hello@totalfoodsolutions.org
Sabina Enterprise, Bangladesh,https://www.linkedin.com/company/proggasoft,"https://www.tradeatlas.com/en/firms/sabina-enterprise/04bc68285c3cecfd, https://et.linkedin.com/in/sabina-nforba, https://uk.linkedin.com/in/sabina-yeasmin-27032214b, https://aaronbarnettfoundation.org/team/board-member/sabina.i, https://www.dla.mil/Portals/104/Documents/Headquarters/History/2014AnnualHistory.pdf, https://apps.who.int/iris/bitstream/handle/10665/208214/9789290617051_eng.pdf, https://www.nature.com/srep/about/editors, https://www.bestbuddies.org/staff-directory/, https://projects.propublica.org/nonprofits/organizations/463384976/202212389349300421/full, http://directory.iub.edu.bd/staffs/477",https://www.sabinaenterprises.com/molds,,
GECO INTERNATIONAL LTD, United Kingdom,https://uk.linkedin.com/company/majtechnologies.com,"https://gecointl.co.uk/, https://uk.linkedin.com/in/george-john-b24171a0, https://gecointl.co.uk/about.html, https://uk.linkedin.com/in/george-john-315a087a, https://in.linkedin.com/in/greg-carter-647b713?trk=org-employees_profile-result-card_result-card_full-click, https://newyorkconvention1958.org/index.php?lvl=authperso_see&id=44, https://www.nishithdesai.com/Content/document/pdf/Articles/Demystifying_Public_Policy.pdf, https://natlawreview.com/article/demystifying-public-policy-to-enable-enforcement-foreign-awards-indian-perspective, https://aphrc.org/project/global-effort-on-covid-19-geco-healthcare-and-socio-economic-impacts-of-covid-19-on-patients-with-diabetes-in-kenya-and-tanzania/, https://investors.bakerhughes.com/static-files/361f7663-7d69-44e5-bca5-eaacb53740c8",https://geco-trade.com/,+91-22-42100900,info@geco-trade.com
ES FOOD INDUSTRIES SDN BHD, Malaysia,https://es.linkedin.com/company/khawtaifood,"https://my.linkedin.com/in/%E7%A6%8F%E4%BB%81-%E5%91%82-89563b132, https://www.volza.com/company-profile/es-food-industries-sdn-bhd-406194-a-157680/, https://my.linkedin.com/in/ng-chi-hong-55073a173, https://www.mccain.com/, https://www.worldbank.org/en/projects-operations/procurement/debarred-firms, https://www.gradiant.com/, https://www.bp.com/, https://www.gocivilairpatrol.com/, https://www.imf.org/en/Home, https://en.wikipedia.org/wiki/7-Eleven",https://www.esfood.com.my/index.php?route=information/information&information_id=4,,
SMART FOOD TRADING LLC, United Arab Emirates,https://www.linkedin.com/company/smart-pharma-trading-l-l-c,"https://ae.linkedin.com/in/govindk100, https://in.linkedin.com/in/sanju-mammen-5109a3171, https://www.volza.com/company-profile/smart-food-trading-llc-80483259/, https://ae.linkedin.com/in/anil-k-joy-0a82aa33, https://www.tradeatlas.com/en/firms/smart-food-trading-llc/2e5ecfd0e31f9909, https://www.acquisition.gov/far/subpart-31.2, https://corporate.ford.com/content/dam/corporate/us/en-us/documents/reports/2023-integrated-sustainability-and-financial-report.pdf, https://www.komen.org/about-komen/our-people/, https://www.volza.com/company-profile/smart-food-trading-llc-19401540, https://comptroller.defense.gov/Portals/45/Documents/defbudget/FY2025/FY2025_Budget_Request_Overview_Book.pdf",https://smartfood.ae/,,
MZ Holdings Ltd, New Zealand,https://gr.linkedin.com/company/mz-holding,"https://mzholdings.co.nz/, https://nz.linkedin.com/in/gaurav-tokarkar-3710686a, https://companies-register.companiesoffice.govt.nz/, https://mzholdings.co.nz/testimonials, https://www.linkedin.com/company/mz-holding-ltd, https://nz.linkedin.com/in/grant-mcbeath-1b569915, https://companies-register.companiesoffice.govt.nz/help-centre/shares-and-shareholders/, https://www7.austlii.edu.au/nz/journals/NZLawStuJl/2015/10.rtf, https://gazette.govt.nz/notice/id/2024-ds2733, https://www.companiesoffice.govt.nz/",,,
MAJESTIC STORES TRADING CO, Saudi Arabia,https://lv.linkedin.com/company/alharamain?trk=similar-companies_org_title,"https://majesticstores.com.sa/about-us/, https://majesticstores.com.sa/our-core-strength/, https://majesticstores.com.sa/our-brands-partners/, https://majestic.fabsquadmedia.com/about-us/, https://wnpa.org/, https://www.majesticrealty.com/downloads/SOQ_LO.pdf, https://www.tradeatlas.com/en/firms/majestic-stores-trading-co/ed76b9816ed1d873, https://majestic.fabsquadmedia.com/our-core-strength/, https://www.eximpedia.app/products/ctn-chilly-powder-import-export-data, https://www.eximpedia.app/companies/majestic-stores-trading-co/50603552",https://majestic.fabsquadmedia.com/about-us/,,
P B Foods Ltd, United Kingdom,https://www.linkedin.com/company/production-bureau-ltd,"https://in.linkedin.com/company/pb-globals, https://uk.linkedin.com/in/chandra-patel-00b79b46, https://uk.linkedin.com/company/p.-&-b.-foods-limited, https://uk.linkedin.com/in/atul-jain-14006128, https://uk.linkedin.com/in/indie-bhatoa-a0115935, https://uk.linkedin.com/in/paul-bialkowski-b8337825, https://www.heerafoods.com/about/history/, https://www.bp.com/, https://www.morganstanley.com/content/dam/msdotcom/en/indiaofferdocuments/pdfs/PB_Fintech_Limited_Draft_Red_Herring_Prospectus.pdf, https://iffco.com/contact-us/, https://www.unswlawjournal.unsw.edu.au/wp-content/uploads/2021/06/Issue-442-PDF-1-Handler.pdf",https://www.ife.co.uk/exhibitors/pb-foods-ltd-home-of-the-heera-brand,,
SUNDINE PRODUCE INC, Canada,https://ca.linkedin.com/company/sundine-produce,"https://ca.linkedin.com/company/indicate-immigration-consultancy-inc, https://ca.linkedin.com/in/danvaraday, https://ca.linkedin.com/in/sreedhar-mundluru-537568168, https://www.dnb.com/business-directory/company-profiles.sundine_produce_inc.628bffaa68ffb8d2bcf23e75a62b329a.html, https://ca.linkedin.com/in/gunasekaran-thangavel-260448198, https://ca.linkedin.com/company/sundine-produce, http://www.eximpedia.app/companies/sundine-produce-inc/96733148, https://www.zoominfo.com/c/sundine-produce-inc/409754853, https://www.zoominfo.com/p/Dan-Varaday/1931766225, https://www.zoominfo.com/pic/sundine-produce-inc/409754853, https://ised-isde.canada.ca/site/canadian-importers-database/sites/default/files/attachments/MajorImportersbyHS62014.csv",,,
CANDY DELIGHTS LIMITED, Sri Lanka,https://sg.linkedin.com/company/perfetti-van-melle?trk=public_profile_topcard_current_company,"https://in.linkedin.com/company/internetentry, https://www.ebcreasy.com/index.php/creasy-foods-ltd/, https://lk.linkedin.com/in/naveen-bopearatchy-880b7542, https://www.tradeatlas.com/en/firms/candy-delights-ltd/1029841c4d426478, https://cdn.cse.lk/cmt/upload_report_file/745_1724987509148.B%20Creasy%20&%20Co.%20PLC-%20Annual%20Report%202023-2024.pdf, https://lk.linkedin.com/in/sriharshini-sivathasan-260a2b194, https://nielsenmassey.com/about-us/, https://investors.monsterbevcorp.com/static-files/4634293b-bdda-43f8-9cc5-ddca58ecf08b, https://www.ebcreasy.com/files/5517/2767/8045/EBC-AnnuaL_Report_2023-2024_compressed.pdf, https://lk.linkedin.com/in/isuru-madusanka-a06908261, https://www.ecfr.gov/current/title-21/chapter-I/subchapter-B/part-101",https://www.ebcreasy.com/index.php/creasy-foods-ltd/,"+94 (11) 7 421 311, +94 (11) 2 478 775, +94 (11) 2 421 311, +94 (11) 4 766 000",
AGGRAWAL AG, Belgium,https://kr.linkedin.com/company/national-steel-&-agro-industries-ltd?trk=public_profile_experience-item_profile-section-card_subtitle-click,"https://co.linkedin.com/company/incofin-investment-management/?trk=organization-update_share-update_actor-image, https://ch.linkedin.com/company/ing?trk=public_profile_experience-item_profile-section-card_subtitle-click, https://in.linkedin.com/in/dhr00v, https://www.linkedin.com/in/vikramagrawal5, https://ca.linkedin.com/in/atul-aggarwal-a608b63, https://be.linkedin.com/in/pankaj-awl, https://se.linkedin.com/in/vinay-aggarwal-pmp-35a92b68, https://ch.linkedin.com/company/aggarwal-ag, https://in.linkedin.com/in/navin-agarwal-42255b7b, https://en.wikipedia.org/wiki/Central_Warehousing_Corporation, https://id.linkedin.com/in/syaggarw, https://www.sec.gov/Archives/edgar/data/1974044/000000000023007080/filename1.pdf",https://www.amitaggarwal.com/,,
SUNDINE PRODUCE INC, Canada,https://ca.linkedin.com/company/sundine-produce,"https://ca.linkedin.com/company/indicate-immigration-consultancy-inc, https://ca.linkedin.com/in/danvaraday, https://ca.linkedin.com/in/sreedhar-mundluru-537568168, https://www.dnb.com/business-directory/company-profiles.sundine_produce_inc.628bffaa68ffb8d2bcf23e75a62b329a.html, https://ca.linkedin.com/in/gunasekaran-thangavel-260448198, https://ca.linkedin.com/company/sundine-produce, http://www.eximpedia.app/companies/sundine-produce-inc/96733148, https://www.zoominfo.com/c/sundine-produce-inc/409754853, https://www.zoominfo.com/p/Dan-Varaday/1931766225, https://www.thetradevision.com/global/kashmiri-food-hs-code-090422-buyers-in-canada, https://www.zoominfo.com/pic/sundine-produce-inc/409754853",https://sundineproduce.com/contact/,,sundine@sundineproduce.com
SSR Tradings Pte Ltd, Singapore,https://ca.linkedin.com/company/wecopytradefintech,"https://recordowl.com/company/ssr-tradings-pte-ltd, https://www.tradeatlas.com/en/firms/ssr-tradings-pte-ltd/b53a6bb5d3476547, https://www.sgpbusiness.com/company/Ssr-Tradings-Pte-Ltd, https://www.elitigation.sg/gd/s/2021_SGHC_293, https://uk.linkedin.com/in/saukar-rawat-41b64456, https://www.volza.com/company-profile/ssr-trading-pte-ltd-19928602/, https://www.usace.army.mil/Portals/2/docs/Small%20Business/Subcontracting/SBA%20SBLO%20Handbook.pdf, https://sg.linkedin.com/jobs/view/head-of-sales-singapore-based-at-icc-academy-3821017826, https://www.acquisition.gov/far/part-52, https://www.trademo.com/companies/ssr-trading-pte-limited/40642347",https://ssrindiansnacks.com/index.php?route=information/contact,,
Desert Rose General Trading Co WLL, Kuwait,,"https://ae.linkedin.com/in/antony-pylee-445922281, https://www.tradeatlas.com/en/firms/desert-rose-general-trading-co-wll/44c9118436a856cd, https://www.trademo.com/companies/desert-rose-general-trading-company-wll/40666424, https://www.eximpedia.app/companies/desert-rose-general-trading-co-wll/40019733, https://my.linkedin.com/in/yusufabdrahman/zh-cn, https://www.covestro-offer.com/download/companies/ma4417/4417_1offer/CovestroAG_OfferDocument.pdf, https://www.ihcuae.com/photo/plugin/guidebook/2024/1709801482_file_1.pdf, https://www.volza.com/company-profile/desert-rose-general-trading-co-18177173, https://www.inpex.com/assets/documents/english/ir/library/integrated_report/00005957.pdf, https://www.bis.gov/ear/title-15/subtitle-b/chapter-vii/subchapter-c/part-744/supplement-no-4-part-744-entity-list",https://desertrose.qa/contact-us/,"+97455544549, +974 55544549","97455544549info@desertrose.qawww.desertrose.qa, info@desertrose.qa"
ELEGANCE FOODS SUPPLIES EU LTD, Ireland,https://www.linkedin.com/company/good-food-ireland/,"https://www.trademo.com/companies/elegance-food-supplies-eu-ltd/46697216, https://www.solocheck.ie/Irish-Company/Elegance-Food-Supplies-Eu-Limited-749032, https://www.tradeatlas.com/en/firms/elegance-foods-supplies-eu-ltd/d29499f0f47da362, https://elegancefoodsukltdworldwide.uk/, https://cdn.ferrari.com/cms/network/media/pdf/Ferrari-2023-annual-report-april-17-2024.pdf, https://investors.bostonscientific.com/~/media/Files/B/Boston-Scientific-IR-V3/annual-reports-proxy-statements/2024/BSX_2023_Annual_Report.pdf, https://sustainability.ferragamo.com/resource/blob/887206/e33285df62d1e6dc58a890015dcd79e4/ferragamo-eng-2023-singlepg-data.pdf, https://static.inditex.com/annual_report_2023/en/Statement%20of%20Non-Finantial%20Information%202023.pdf, https://faculty.wcas.northwestern.edu/jmokyr/castronovo.pdf, https://hansard.parliament.uk/Lords/2024-10-08/debates/90B79649-7D3C-49AB-A82F-B0DA74985428/ProductRegulationAndMetrologyBill",https://elegancefoodsukltdworldwide.uk/contact/,,
GODREJ HOUSEHOLD PRODUCTS LANKA PV T LIMITED, Sri Lanka,https://lk.linkedin.com/company/godrej-sri-lanka,"https://in.linkedin.com/company/mcnroe-consumer-products-pvt-ltd, https://www.godrejsrilanka.com/know-us/srilanka-leadership-team, https://lk.linkedin.com/company/godrej-sri-lanka, https://www.godrejsrilanka.com/, https://www.godrejsrilanka.com/contact-us, https://www.srilankabusiness.com/exporters-directory/company-profiles/godrej-household-products-lanka-pvt-ltd/, https://www.linkedin.com/posts/godrej-sri-lanka_a-memorable-visit-to-sri-lanka-by-the-global-activity-7235897645003632640-AqLw, https://www.godrejsrilanka.com/people, https://www.godrejsrilanka.com/know-us, https://lk.linkedin.com/in/nethmini-silva-a1706b2b7, https://www.godrejcp.com/public/uploads/financial_presentation/GCPL_QuarterlyReports_Q3FY1819.pdf",https://www.godrejsrilanka.com/contact-us,+94 11 4324 970,
Mountain Valley Springs UK Privat Elimited,  United Kingdom,https://uk.linkedin.com/company/privadia,"https://www.eximpedia.app/companies/mountain-valley-springs-uk-private/77960688, https://www.tradeatlas.com/en/firms/mountain-valley-springs-u-k-private-limited/a47662a824efbc31, https://www.eximpedia.app/companies/mountain-valley-springs-u-k-private/41925553, https://www.eximpedia.app/companies/mountain-valley-springs-u-k/47180539, https://www.goodwill.org/, https://www.dowlais.com/files/investors/reports/2024/annual-report-2024/Dowlais-Annual-Report-2023.pdf, https://www.guidestar.org/search, https://home.treasury.gov/system/files/136/2024-National-Money-Laundering-Risk-Assessment.pdf, https://www.primowatercorp.com/wp-content/uploads/2024/11/Primo-Water-Corporation-Annual-Report-2020.pdf",https://www.indiafilings.com/search/mountain-valley-springs-india-private-limited-cin-u24246dl2003ptc120118,,
MS MAXWELL DISTRIBUTORS PTY LIMITED, Australia,https://www.linkedin.com/company/dllgroup,"https://www.trademo.com/companies/ms-maxwell-distributors-pty-ltd/44930129, https://au.linkedin.com/in/eddy-gadban-b58a48298, https://www.volza.com/company-profile/ms-maxwell-distributors-pty-limited-88269936/, https://za.linkedin.com/in/nick-emanuel-2b9bb2171, https://www.aph.gov.au/DocumentStore.ashx?id=a09bceea-c3ed-47c4-94b0-4562b1352f5c&subId=717127, https://www.santos.com/wp-content/uploads/2020/02/2018-annual-report.pdf, https://supremecourt.nt.gov.au/__data/assets/pdf_file/0004/780970/1995-NTSC-41-Softwood-Plantations-Pty-Ltd,-Re-24-Mar-1995-Martin-CJ.pdf, https://ng.linkedin.com/in/maxwell-john-52735680, https://www.acerislaw.com/wp-content/uploads/2023/06/2006.12_20_-_Comandate_Marine_Corp_v_Pan_Australia_Shipping_Pty_Ltd_2006_FCAFC_192.pdf, https://www.sec.gov/Archives/edgar/vprr/0602/06020768.pdf",https://www.governmentgazette.sa.gov.au/2022/september/2022_068.pdf,,
Dhillon Group of Companies Ltd, Hong Kong,https://hk.linkedin.com/company/dhillon-group-of-companies-limited,"https://hk.linkedin.com/company/dhillon-group-of-companies-limited, https://hk.linkedin.com/in/dhillon-harjit-singh-34743a197, https://dhillon.group/management/, https://hk.linkedin.com/in/harjit-singh-dhillon-248159225, https://panjiva.com/Dhillon-Group-Of-Companies-Ltd/59916557, https://www.dhillongroup.com/, https://freshdi.com/supplier/Dhillon-Group-Of-Companies-Limited-EbmUuB, https://en.wikipedia.org/wiki/Hindustan_Unilever, https://www.trademo.com/companies/dhillon-group-of-companies-limited/37757956, https://sg.linkedin.com/in/christina-lee-27802220",https://www.dhillongroup.com/about.html,"+91-172-2742783, +91-172-2740059, 2742628","91-172-2742783mail@dhillongroup.com, mail@dhillongroup.com"
HAKSAYA ENTERPRISE SDN BHD, Malaysia,,"https://my.linkedin.com/in/rajakumar-somasundaram-b3381380, https://www.emis.com/php/company-profile/MY/Haksaya_Enterprise_Sdn_Bhd_en_4315355.html, https://www.tradeatlas.com/en/firms/haksaya-enterprises-sdn-bhd/8c2f793d48cd42ff, https://www.volza.com/company-profile/haksaya-enterprise-sdn-bhd-78818753, https://buy.experian.com.my/index.php/search/Malaysia-Company/858570/HAKSAYA-ENTERPRISE-SDN.-BHD., https://my.linkedin.com/in/isma-alif-24102574, https://www.trademo.com/companies/haksaya-enterprise-sdn-bhd/48055739, https://www.thetradevision.com/global/himalayan-salt-buyers-in-malaysia, https://www.eximpedia.app/companies/haksaya-enterprises-sdn-bhd/05883422, https://www.trademo.com/companies/haksaya-enterprise-sdn-bhd/34323295",https://en.52wmb.com/buyer/35379444,"09019020, 19059040
237, 17011410
145, 19041020, 7851520, 9141547, 04059020, 9674222, 17049020
104, 15162091, 21069099
190, +8616621075894, 11029090, 08013220, 17011410, 17029090
794, 2010-2025, 17049020, 25010010",
Qaisar Foodstuff Co, Kuwait,https://www.linkedin.com/company/hussain-and-qaisar-international-ltd-co,"https://www.eximpedia.app/companies/qaisar-foodstuff-co/79240248, https://kw.linkedin.com/in/hassan-iqbal-merchant-9621812a, https://www.hussain-qaisar.com/, https://www.tradeatlas.com/en/firms/qaisar-foodstuff-co/19411db9e286031b, https://ae.linkedin.com/in/qaisar-abbas-khan-387a6868, https://www.eximpedia.app/companies/qaisar-foodstuffs-co/30085701, https://www.trademo.com/companies/qaisar-foodstuff-co/31633355, https://www.dodsbirsttr.mil/submissions/api/public/download?uploadId=MTQyNDc4OQ==&showOnWeb=true&fileName=Army_SBIR_244_R19.pdf, https://www.degruyter.com/document/doi/10.1515/9783110677744/epub?srsltid=AfmBOooCk82hv_g9TyWHOuR71uN35OqLxpUsEBopGaUujWcAKvLDT5yH",https://hussain-qaisar.com/contacts/,"+965 24921244, 24831045, 24842781, 24842701",oldman@hussain-qaisar.com
Riata Foods UK, United Kingdom,https://uk.linkedin.com/company/north-star-spirits,"https://www.sec.gov/Archives/edgar/data/1619762/000161976225000007/igt-20241231.htm, https://www.veracyte.com/terms-of-sale/, https://www.corpuschristitx.gov/media/jbooagdj/fy25-adopted-cip.pdf, https://investor.veracyte.com/static-files/cf49fc0b-f043-4a6d-bf30-35fb846df5c9, https://investor.veracyte.com/static-files/a54f6ddb-f4e2-4513-a540-1d08b017773d, https://www.sec.gov/Archives/edgar/data/1760764/000121390022004394/ea154535-f1_gmedicalinno.htm, https://www.foodprotection.org/upl/downloads/library/iafp-2024-program-book.pdf, https://uk.linkedin.com/in/dani-thomas-72b10241, https://www.greateroklahomacity.com/news/, https://s28.q4cdn.com/582179329/files/doc_financials/2023/ar/igt-12-31-23-20f-doc-5.pdf",https://www.novozymes.com/en/about-us/our-subsidaries,"+852 2846 1061, 9613545, 91203-2336, 83420-000, +45 44460000, +45 4446 0000, 23060-6802, +34.91.504.6677, +41 796955338, +52 55 5318 9680, +1 613 482 8880
300, +1 540 389-9361, +86 24 2581 3137, 83707-660, +91 22 6266 9600, +86 10 6298 7888, +91 80 3059 3500, +1 530 757-8100, +54 23 0 449 6100, +55 41 3641 1000, +90 216 373 3000, +1 402 426-5518, +82-2-795-0882, +27 11 656 4200, +60 3 8991 8688, +1 530 757-4721, +1 630 699-4311, +81 43 296 6767, +55 41 3672 1292, +1 306 657 8200
3935, +49 30 46307-200, +86 22 2532 2063, +1 919 494-3000, +61 2 9630 8466, +86 512 5321 1506, +86 022 2532 2062, +91 26 6726 2020
141, 65 6236 3333",infonztr@novozymes.com
Spicy World Rudra Group Merchant Ltd, Australia,,"https://www.linkedin.com/in/ethan-lux-64b0ba15a, https://www.restfinance.com/app/pdf/fdd/Wingstop-2023.pdf, https://pmc.ncbi.nlm.nih.gov/articles/PMC9875827/, https://www.trademo.com/companies/shri-balaji-trademart-india-pvt-ltd/31570075, https://www.olamgroup.com/content/dam/olamgroup/files/uploads/2014/01/finance_2july2008.pdf, https://www.annualreports.com/HostedData/AnnualReportArchive/w/NYSE_WIT_2019.pdf, https://whc.unesco.org/en/list/&search=&description=1&order=property, https://www.axiscapital.co.in/public/contents/20180404171152_hindustan_aeronautics_limited__prospectus.pdf, https://nsez.gov.in/Resources/Announc/Electorates%20list%20Final-%20Noida%20sez.xlsx",https://www.heavymetalmerchant.com/?srsltid=afmbooox1vqp1karlhotddnyw-6w4mz_n_uog6q6monwnqwnopvhdc5s,80-355-955-732,info@heavymetalmerchant.com
JFR Enterprise, Bangladesh,,"https://www.tradeatlas.com/en/firms/jfr-enterprise/b49bde17017c6aa5, https://hallboothsmith.com/attorney/john-e-hall-jr/, https://www.specialolympicsva.org/about/meet-our-team, https://www.grameenamerica.org/board, https://en.wikipedia.org/wiki/TechnoServe, https://www.nationalgeographic.org/society/our-leadership/, https://www.linkedin.com/in/john-f-callahan-jr-btcm-sw-ret-b3b24323, https://www.flra.gov/decisions/v02/02-118.html, https://www.armyemergencyrelief.org/leadership/, https://en.wikipedia.org/wiki/General_Motors",https://oldweb.lged.gov.bd/districtprojectschemedetailsview.aspx?districtid=38,"255665064 2556, 6 255955059, 3 255954056, 255954078 2559, 255575138, 2840-5190, 255955113, 255855118 2558, 255573012, 255955016 2559, 2243-4760, 1519-1965, 75028 25557503, 255954017 2559, 7048-7605, 1000-1512, 55008 25595406, 75171 25557525, 75159 25557518, 255855006, 55069 25585509, 255955022 2559, 255574126 2555, 255575272 2555, 8 255575269, 2897-3897, 255575010 2555, 1170-1982, 2500-2738, 2874-3854, 255853001, 55074 25595507, 1100-2155, 255954043 2559, 55006 25595527, 255575135 2555, 255852005, 255954011 2559, 255955192 2559, 255665095 2556, 255855044, 255955017 2559, 255574055, 255665101, 255575081 2555, 1000-1734, 1000-2275, 255575289, 2000-2710, 54040 25595407, 15900-2310, 4 255665071, 255954044 2559, 01731862212, 8642-1590, 255575203, 55092 25585507, 255575030, 74095 25557518, 255954062 2559, 4575-5812, 255664090 2556, 0488-6253, 1500-4500, 8421-8921, 255575219 2555, 1200-1800, 4 255855089, 255663017, 255575284, 255954046 2559, 1708-2735, 23100-2392, 255574005 2555, 255665033, 255574121 2555, 1000-2000, 255663015, 1035-1572, 2656-2996, 255575172 2555, 255575282, 255574115 2558, 255575022, 255855016 2558, 255575040 2555, 255954020 2559, 255574052 2555, 255855256, 75151 25557524, 255665093 2556, 2500-3750, 255664054 2556, 255664077 2556, 1663-3005, 255575021 2555, 255665150 2556, 64073 25566408, 1500-2284, 255664086, 255855060 2558, 6 255955157, 7 255574084, 255575181, 255574087, 255572004, 255664018 2556, 1000-3600, 64004 25566504, 65173 25566521, 1522-3642, 255954003 2559, 255954073, 255575039 2555, 255664046, 255855193, 1500-2800, 255574117, 255663023, 255574084 2555, 255575016, 1800-2775, 255955298, 255852009, 55013 25585514, 255575166 2555, 255574128 2555, 55107 25585513, 255574102 2555, 255575004, 255663013, 64069 25566520, 255575017 2555, 255955065 2559, 255575103 2555, 1750-3475, 74071 25557409, 255664021 2556, 255574030 2555, 255662005, 255574029 2555, 255855064 2558, 1400-2404, 255665166, 54061 25595405, 74097 25557411, 255954049 2559, 8550-9100, 1500-6200, 255574124, 255575121 2555, 4300-4925, 55184 25595528, 255573010, 255574127, 1351-2000, 54045 25595503, 55150 25595516, 3334-1006, 255664029, 255572001 2555, 255574003, 255575102, 2705243, 255855156 2558, 255574066, 255574032 2555, 255575117, 255574053, 255574058, 64070 25566518, 255575208 2555, 255663022, 255855120, 01700976949, 2335-2600, 55132 25585524, 255853012, 6 255955271, 255662001, 255574046 2555, 255663023 2556, 255574003 2555, 1040-2555, 255575119 2555, 75106 25557515, 255854009 2558, 255954024 2559, 255574040, 1110-1450, 255855081 2558, 2887-3000, 255854017 2558, 255663009, 1500-1900, 55024 25585525, 255574018 2555, 255573009, 1 255575283, 2350-3352, 255575255, 55279 25595403, 255572011 2555, 255954021 2559, 255953014 2559, 255575183, 1150-3580, 2130-3800, 75250 25557526, 255575002 2555, 255575119, 255954068 2559, 255575243 2555, 4905-5905, 255663025, 255575113, 255955187, 3030-5030, 255955215 2559, 255852013, 55228 25595523, 255575158, 55134 25595520, 255573010 2559, 2000-3000, 75222 25557526, 255855017 2558, 255855101 2558, 255855016, 255575287 2555, 255575109, 255855032 2558, 255663006 2556, 255664024 2556, 9323346, 1250-2772, 255575023 2555, 255574067, 74112 25557409, 75272 25557528, 255855109, 75164 25557522, 9379060, 255955204 2559, 8580-1078, 5100-6000, 255955144, 2200-2990, 255953006 2559, 255855003, 255855034 2558, 255664045, 255664025 2556, 255662005 2556, 54065 25595514, 255954008 2559, 255855150 2558, 1000-1400, 255575212 2555, 255855031, 6 255955025, 55050 25595511, 255955262 2559, 75018 25557514, 255575110 2555, 3900-6650, 1000-2500, 64073 25566407, 255954072 2559, 255663012, 255574019, 255955280 2559, 255574032, 255575169, 255955011, 255575184 2555, 255852001, 255575006 2555, 255664019 2556, 255855022 2558, 255663014, 255574052, 255664074 2556, 65180 25566518, 255664026, 55083 25585507, 4 255665187, 1100-2100, 9 255955281, 1639-1916, 255574017, 55122 25557516, 255575225, 4 255575251, 255955164, 255955015 2559, 1850-2290, 1320-2000, 2800-3500, 5700-6324, 2555-4575, 74031 25557405, 1000-2580, 255954013 2559, 255575077, 255662007, 255853002, 65183 25566518, 55087 25585524, 255664044, 255575020 2555, 255853004 2558",
KCS CASH CARRY LIMITED, United Kingdom,https://uk.linkedin.com/company/hancocks---cash-&-carry-chain-and-online-confectionery-wholesaler,"https://in.linkedin.com/company/akcjventures, https://uk.linkedin.com/in/chander-singh-17a1851a2, https://uk.linkedin.com/in/kiransingh95, https://find-and-update.company-information.service.gov.uk/company/07154836/officers, https://uk.linkedin.com/in/freddy-lydford-36888a60, https://rocketreach.co/chander-singh-email_228290265, https://uk.linkedin.com/in/ifthakhar-hussain-327b0b270, https://www.tradeatlas.com/en/firms/kcs-cash-carry-ltd/ef45967f2415d363, https://www.ukad.org.uk/sites/default/files/2024-12/UKAD%202023-24%20Annual%20Report.pdf, https://www.sec.gov/Archives/edgar/data/16875/000119312521289901/d877235df4.htm, https://www.wicourts.gov/publications/fees/docs/bondsched22.pdf",https://www.kcs.co.uk/terms-and-conditions,"0808 281 9940, 41000917, 0808 281 9440, 01702231",customerexperience@kcs.co.uk
Yashadi Enteprises Pte Ltd, Singapore,,"https://www.trademo.com/companies/yashadi-enteprises-pte-ltd/44929970, https://www.tradeatlas.com/en/firms/yashadi-enteprises-pte-ltd/a9b4c4b7eeeb63d1, https://www.sgpbusiness.com/company/Yashadi-Enterprises-Pte-Ltd, https://www.researchgate.net/publication/378402498_Conceptualization_of_International_Competence_of_Intercultural_and_Cross-cultural_Communication_Study_at_the_Silk_Road_International_University_of_Tourism_and_Cultural_Heritage, https://archive.org/stream/dli.ministry.18263/E06775_Ottoman_Turkish_Conversation_Grammer_djvu.txt, https://archive.org/stream/in.ernet.dli.2015.471599/2015.471599.Ottoman-turkish-Conversation_djvu.txt, http://modernscience.uz/media/media/archives/11.2023-Modern_Science_Research_2.pdf, https://uniwork.buxdu.uz/resurs/12891_1_17E7E42A24E350AEE13A4D75211D78767D1C10F2.pdf, https://oriens.uz/media/journals/ORIENS_Volume_2__ISSUE_10_compressed.pdf",https://www.scam.sg/companies/202231079n/yashadi-enterprises-pte-ltd,"200704030, (202231079, 202242999, 202231378, 202008218, 202407981, 202231079",
Auklet Traders Ltd, New Zealand,https://nz.linkedin.com/company/ecly-limited,"https://www.facebook.com/auklettraders/, https://www.tradeatlas.com/en/firms/auklet-traders-ltd/01cbc7121f29981b, https://m.facebook.com/story.php/?story_fbid=955469238206092&id=246551575764532, https://www.volza.com/company-profile/auklet-traders-limited-19282013, https://www.trademo.com/companies/auklet-traders-ltd/41411371, https://www.eximpedia.app/companies/auklet-traders-limited/95293726, https://www.boem.gov/oil-gas-energy/environmental-evaluation, https://m.facebook.com/auklettraders/photos/%E0%B4%AE%E0%B5%80%E0%B5%BB%E0%B4%95%E0%B4%B1%E0%B4%BF%E0%B4%AF%E0%B4%BF%E0%B4%B2%E0%B5%86-%E0%B4%AA%E0%B4%BE%E0%B4%B0%E0%B4%AE%E0%B5%8D%E0%B4%AA%E0%B4%B0%E0%B5%8D%E0%B4%AF-%E0%B4%B0%E0%B5%81%E0%B4%9A%E0%B4%BF-%F0%9D%95%8B%F0%9D%95%92%F0%9D%95%A4%F0%9D%95%A5%F0%9D%95%AA-%E2%84%95%F0%9D%95%9A%F0%9D%95%93%F0%9D%95%93%F0%9D%95%9D%F0%9D%95%96%F0%9D%95%A4%E2%84%9D%F0%9D%95%96%F0%9D%95%92%F0%9D%95%95%F0%9D%95%AA-%F0%9D%95%8B%F0%9D%95%A0-%F0%9D%94%BC%F0%9D%95%92%F0%9D%95%A5-%F0%9D%95%82%F0%9D%95%96%F0%9D%95%A3%F0%9D%95%92%F0%9D%95%9D%F0%9D%95%92-%F0%9D%94%BD%F0%9D%95%9A%F0%9D%95%A4%F0%9D%95%99-%E2%84%82%F0%9D%95%A6%F0%9D%95%A3%F0%9D%95%A3%F0%9D%95%AA%F0%9D%91%BB%F0%9D%92%82%F0%9D%92%94%F0%9D%92%95%F0%9D%92%9A-%F0%9D%91%B5%F0%9D%92%8A%F0%9D%92%83%F0%9D%92%83%F0%9D%92%8D/1030367422469184/, https://www.pugetsoundinstitute.org/wp-content/uploads/2011/12/ProceedingsMarineEnvSymp1994.pdf, https://darrp.noaa.gov/sites/default/files/case-documents/CB_Final_DARP_revised_2-28-12.pdf",https://nz.linkedin.com/company/auklet-traders-ltd,,
HJ Heinz Supply Chain Europe, United Kingdom,https://eg.linkedin.com/company/ic-halal?trk=ppro_cprof,"https://www.dnb.com/business-directory/company-profiles.hj_heinz_supply_chain_europe_bv.995800ed5ce9d46ec4aeef602f507aaf.html, https://www.eximpedia.app/companies/h-j-heinz-supply-chain-europe-bv/75514873, https://www.eximpedia.app/companies/h-j-heinz-supply-chain-europe-bv/20157091, https://diversityglobal.com/web/Article?id=Heinz-Company-Announces-New-Senior-Leadership-Team-1502&type=highlights, https://www.sec.gov/Archives/edgar/data/46640/000095015206005424/l21045adefa14a.htm, https://tradedata.pro/trade-database-demo/united-kingdom/import-data/company/h-j-heinz-supply-chain-europe-b-v/, https://uk.linkedin.com/in/david-moran-8189a515, https://www.sec.gov/Archives/edgar/data/46640/000095015206005799/l21249adefa14a.htm, https://www.sec.gov/Archives/edgar/data/46640/000095015206005973/l21450adefa14a.htm, https://www.sec.gov/Archives/edgar/data/46640/000095015206001516/j1769501e10vq.htm",https://www.lobbyfacts.eu/datacard/the-kraft-heinz-company?rid=010822218390-62,"2023
2024
2025, 2015
2016
2017
2018, 010822218390, 2019
2020
2021
2022",
PRIVATE ENTERPRISE SPS, Ukraine,https://uk.linkedin.com/company/sets-space?trk=ppro_cprof,"https://ua.linkedin.com/in/taras-dobrovolsky-4451ba45, https://www.tradeatlas.com/en/firms/private-enterprise-i-i-i-spsi-i-i/67f5011b6d22f12b, https://ua.linkedin.com/in/viktoria-bobak-0bb807bb, https://www.navsea.navy.mil/Portals/103/Documents/SUPSHIP/SOM/SOM2008-Rev3-1Dec23.pdf, https://www.sps.nyu.edu/content/dam/sps/communications/World_Woman_Foundation_Davos_Research_Report.pdf, https://www.acquisition.gov/afars/appendix-ee-table-contents, https://www.swg.usace.army.mil/Portals/26/Outreach/1530-Kay%20Riplinger-Baltz-Acronyms%20Commonly%20Used%20in%20USACE%20and%20Galveston%20District.pdf?ver=Q0L1f6cW15-Dp2irSIXgbA%3D%3D, https://sps.columbia.edu/sites/default/files/2020-11/Starting%20a%20Mission-based%20Organization%20final.pdf, https://www.dhs.gov/sites/default/files/publications/privacy-pia-dhs-all-044-a-spsrfi-march2017.pdf, https://2021-2025.state.gov/imposing-measures-in-response-to-navalnys-death-and-two-years-of-russias-full-scale-war-against-ukraine/",https://www.globalwood.org/company/mgodetail.asp?mid=56126&cid=,+380672409577,
Aly Export Pty Ltd, Australia,https://au.linkedin.com/company/meat-export-australia-pty-ltd,"https://uk.linkedin.com/in/ali-hurley-4b115b1ab?trk=public_profile_samename-profile, https://www.trademo.com/companies/aly-export-pty-ltd/44929321, https://www.health.gov.au/sites/default/files/2023-02/foi-4049-and-4062-release-document-the-review-of-covid-19-vaccine-and-treatment-purchasing-and-procurement.pdf, https://ro.scribd.com/document/269277185/Sasy-n-Savy-Pty-Ltd-Business, https://www.accc.gov.au/public-registers/browse-public-registers?search=&f%25=&f%5B0%5D=type%3Aacccgov_authorisation&f%5B1%5D=type%3Aacccgov_undertaking&page=38, https://www.industry.gov.au/sites/default/files/adc/public-record/021_-_atm_submission_duty_drawback.pdf, https://home.treasury.gov/news/press-releases/jy1422, https://au.linkedin.com/in/ali-farid-a3134954, https://www.aigroup.com.au/",https://www.exportfinance.gov.au/,1800 093 724,info@exportfinance.gov.au
Bains Wholesale Foods Ltd, Canada,https://ca.linkedin.com/company/zara-baladi-food-products,"https://www.dnb.com/business-directory/company-profiles.bains_wholesale_foods_ltd.09b75b54a4cb27f9e9676feb3e6a8ee1.html, https://panjiva.com/Bains-Wholesale-Foods/36204911, https://www.seair.co.in/us-importers/bains-wholesale-food-ltd.aspx, https://uk.linkedin.com/in/ranjeet-bains-4332a3177, https://www.volza.com/company-profile/bains-wholesale-foods-ltd-68968310/, https://ca.linkedin.com/in/david-sculthorpe-b488747, https://www.importinfo.com/bains-wholesale-foods-ltd, https://ca.linkedin.com/in/karen-flavelle-03621566, https://www.cdc.gov/vessel-sanitation/media/files/vsp_operations_manual_2018-508.pdf, https://ca.linkedin.com/in/mandeep-bains-baa181145",https://www.rclfoods.ca/contact,"905-482-3048, 905-761-7995","Sales@rclfoods.caCopyright, Sales@rclfoods.ca, FoodsCAll905-482-3048EmailSales@rclfoods.caLocation1057"
Lebanese Fruit Co LLC LIFCO, United Arab Emirates,https://www.linkedin.com/company/lifco,"https://www.lifco-group.com/about-us/, https://www.linkedin.com/company/lifco, https://www.lifco-international.com/, https://www.dnb.com/business-directory/company-profiles.lebanese_fruits_co_(llc).c9943067bf03849d5481117fd40a4cce.html, https://www.lifco-international.com/global-operations, https://www.lifco-group.com/, https://hr.linkedin.com/company/lifco?trk=public_profile_experience-item_result-card_image-click, https://www.lifcolb.com/about-us, https://qc.moiat.gov.ae/-/media/site/moiat/open-data-document-library/2022/january/active-il-by-emirate.ashx, https://qc.moiat.gov.ae/-/media/site/moiat/open-data-document-library/2021/october/il/active-il-by-emirate.ashx",https://www.lifco-group.com/about-us/,+971 6 533 5635,"info@lifco.com, 5635E-mailinfo@lifco.com"
TIMES INTERNATIONAL PTY LTD, Australia,https://www.linkedin.com/company/prophecy-international-pty-ltd,"https://au.linkedin.com/in/saji-saimon-846455240, https://www.gilead.com/, https://au.linkedin.com/in/jayan-balakumar-b81b935, https://casetext.com/case/teras-cargo-transp-america-llc-v-cal-dive-intl-australia-pty-ltd, https://www.anglogoldashanti.com/, https://www.finance.gov.au/government/procurement/commonwealth-procurement-rules, https://www.bp.com/, https://www8.austlii.edu.au/au/other/FWCAgmt/2016/8064.pdf, https://storagesolutiondocsprod.blob.core.windows.net/register-documents-ea/EPSX01972314.pdf, https://au.linkedin.com/in/bob-shepard-757b3955",https://www.linkedin.com/company/times-international-pty-ltd,(0) 407 288 464,
Ogab Hamoud Al Malek Trading Co WLL, Kuwait,,"https://kw.linkedin.com/in/kappies-george-8273a341, https://www.tradeatlas.com/en/firms/ogab-hamoud-al-malek-trading-co-w-l-l/9a7783ea01048e79, https://kw.linkedin.com/in/qaeid-joher-lokhandwala-b184759, https://kw.linkedin.com/in/kappies-george-68301042, https://www.volza.com/company-profile/ogab-hamoud-al-malek-trading-co-w-19296113/, https://kw.linkedin.com/in/mohammed-ratlamwala-011a80104, https://kw.linkedin.com/in/deviprasad-shetty-73604088, https://www.scribd.com/document/822722614/Copy-of-25-exp-jan-24, https://www.trademo.com/kuwait/buyers/ball/3",http://ogab-hamoud-al-malek-tr.kuwaitbd.com/contact_us,+96524332182,
Asian Traders Ltd, United Kingdom,https://uk.linkedin.com/company/forex4money-com,"https://uk.linkedin.com/in/chetan-thakkar-17556235, https://uk.linkedin.com/in/hetal-thakkar-52676217, https://www.dnb.com/business-directory/company-profiles.asian_traders_limited.442889a4448395eafa0aed6e3334e38d.html, https://freshdi.com/supplier/ASIAN-TRADERS-LTD, https://rocketreach.co/chetan-thakkar-email_111561362, https://www.tradeatlas.com/en/firms/m-s-asian-traders-limited/a1f38b510268da05, https://www.sabic.com/en, https://en.cicc.com/, https://www.icgam.com/, https://www.federalregister.gov/documents/2024/11/01/2024-25411/additions-and-revisions-of-entities-to-the-entity-list",https://freshdi.com/supplier/asian-traders-ltd,,
SUNDINE PRODUCE INC, Canada,https://ca.linkedin.com/company/sundine-produce,"https://ca.linkedin.com/company/indicate-immigration-consultancy-inc, https://ca.linkedin.com/in/danvaraday, https://ca.linkedin.com/in/sreedhar-mundluru-537568168, https://www.dnb.com/business-directory/company-profiles.sundine_produce_inc.628bffaa68ffb8d2bcf23e75a62b329a.html, https://ca.linkedin.com/in/gunasekaran-thangavel-260448198, https://ca.linkedin.com/company/sundine-produce, http://www.eximpedia.app/companies/sundine-produce-inc/96733148, https://www.zoominfo.com/c/sundine-produce-inc/409754853, https://www.zoominfo.com/p/Dan-Varaday/1931766225, https://www.zoominfo.com/pic/sundine-produce-inc/409754853, https://ised-isde.canada.ca/site/canadian-importers-database/sites/default/files/attachments/MajorImportersbyHS62014.csv",https://sundineproduce.com/contact/,,sundine@sundineproduce.com
Saraya Distribution L L C, Oman,https://www.linkedin.com/company/muscat-investment-markets,"https://om.linkedin.com/in/mohammed-al-hajry-48181126, https://om.linkedin.com/in/shahzad-aqib-83966019a, https://www.linkedin.com/company/saraya-development-group, https://www.tradeatlas.com/en/firms/saraya-distribution-llc/c7cbddd276c8a113, https://om.linkedin.com/in/faisal-hamza-3a67392b0, https://www.edcutah.org/news/news-main?df7176c3_page=7, https://ofac.treasury.gov/recent-actions/20250328, https://www.trademo.com/companies/m-s-saraya-distribution-limited-liability-company/40666439, https://ae.linkedin.com/in/waelsaad-procurementmanager-cips, https://www.ihcuae.com/photo/plugin/files/2024/1709032173_1.pdf",https://www.sarayaoman.com/,"+968 9599 9272, +968 9757 5579","info@sarayaoman.com, sales@sarayaoman.com"
Contil Canada Ltd, Canada,https://ca.linkedin.com/company/contil-canada-ltd,"https://ca.linkedin.com/company/interspan-canada-inc, https://ca.linkedin.com/company/contil-canada-ltd, https://ca.linkedin.com/in/stevenprisco, https://dodprocurementtoolbox.com/cms/sites/default/files/resources/2021-07/JCP%20Information%20July2021%20%281%29%20%282%29.pdf, https://ca.linkedin.com/in/robertsontom, https://competition-bureau.canada.ca/en/how-we-foster-competition/education-and-outreach/abuse-dominance-enforcement-guidelines, https://laws-lois.justice.gc.ca/eng/acts/I-3.3/section-256.html, https://www.cga.ct.gov/PS94/rpt/olr/htm/94-R-0838.htm, https://www.canada.ca/en/environment-climate-change/services/managing-pollution/evaluating-new-substances/chemicals-polymers/guidance.html, https://www.canada.ca/en/environment-climate-change/services/evaluating-existing-substances/updated-draft-state-per-polyfluoroalkyl-substances-report.html, https://www.metso.com/",https://contilgroup.com/contact,"390007 0265-2342, 905-487-7708, +1 647-297-1664, 647-297-1664, 0265-2342680, 2350863, 1) 647-297-1664","office@contilgroup.com, info@contilgroup.com, accounts@contilgroup.com, purchase@contilgroup.com, sales@contilgroup.com, investor@contilgroup.com"
River Side Burgeon Inc, Canada,https://ca.linkedin.com/company/riverside-burgeon-inc,"https://www.riversideburgeon.com/about.html, https://ca.linkedin.com/company/riverside-burgeon-inc, https://cn.linkedin.com/company/riverside-burgeon-inc/, https://www.mapquest.com/ca/ontario/riverside-burgeon-inc-429565786, https://www.tradeatlas.com/en/firms/river-side-burgeon-inc/a2d7d03f3bb9e524, https://www.trademo.com/companies/river-side-burgeon/30069595, https://www.eximpedia.app/companies/riverside-burgeon-inc/85541597, https://ca.linkedin.com/in/prince-chacko-b5849016, https://www.onepercentfortheplanet.org/global-summit-speakers/dune-lankard, https://legal.thomsonreuters.com/content/dam/ewp-m/documents/canada-store/en/pdf/other/thomson-reuters-academic-catalogue-2024-2025-reformatted.pdf",https://www.riversideburgeon.com/contact.html,,info@riversideburgeon.com
M s MFB FOODS WLL, Bahrain,https://www.linkedin.com/company/mfbwll,"https://freshdi.com/supplier/MFB-FOODS-WLL, https://bh.linkedin.com/in/soji-george-5443a922, https://www.volza.com/company-profile/ms-mfb-foods-wll-cr-70236169/, https://www.linkedin.com/company/mfbwll, https://dhs.maryland.gov/documents/TEFAP/Updated-TEFAP-State-Plan-Final-Copy-2025.pdf, https://www.tradeatlas.com/en/firms/m-f-b-foods-wll/37be65d3638131a9, https://www.thesimplygoodfoodscompany.com/static-files/878462dd-3f8a-4e4b-969b-6e8ee3d27f52, https://www.thesimplygoodfoodscompany.com/static-files/5c1cd7b2-4f5b-4932-97a2-b35f9ab70f62, https://www.trademo.com/companies/ms-mfb-foods-wll/44931870, https://www.enidine.com/getmedia/a7869d50-7e11-41ab-80f5-7d788e925ec7/A4_Shock_Catalog_EN.pdf",https://msglobalfood.com/contact-us/,"4855307, 33940303","info@msglobalfood.com, logistic@msglobalfood.com, commercial@msglobalfood.com"
Sabrini Foods Pty Ltd, Australia,https://au.linkedin.com/company/sabrini-foods,"https://au.linkedin.com/in/uvaraja-h-29804521, https://au.linkedin.com/company/sabrini-foods, https://www.sabrinifoods.com/about-us/, https://au.linkedin.com/in/eric-acquah-hagan-1a0100ab, https://www.sabrinifoods.com/terms-and-conditions/, https://www.zoominfo.com/c/sabrini-foods-pty-ltd/556091541, https://www.sabrinifoods.com/blog/, https://au.linkedin.com/in/rajendra-sanam-08305471, https://www.zoominfo.com/pic/sabrini-foods-pty-ltd/556091541, https://au.linkedin.com/in/saverimuthu-jeyaseelan-72a038247",https://www.sabrinifoods.com/,"1800 722 436, 02 9756 6666, 02 9756 2366, 03 9767 6666, 03 9767 6677",
Marufa Enterprise, Bangladesh,https://bd.linkedin.com/company/bangladesh-institute-of-international-and-strategic-studies-biiss-,"https://bd.linkedin.com/in/legalbookkeepermarufa, https://www.tradeatlas.com/en/firms/marufa-enterprise/3b03416535f3b17b, https://bd.linkedin.com/in/marufahossain, https://journals.plos.org/plosone/article?id=10.1371/journal.pone.0148211, https://bd.linkedin.com/in/marufa-rahman-a245bba2, https://www.bwdb.gov.bd/en/notice, https://bd.linkedin.com/in/marufa-afrin-3938b41b3, https://journals.plos.org/plosone/article?id=10.1371/journal.pone.0181706, https://be.linkedin.com/in/marufa-sultana-a550191b, https://bd.linkedin.com/in/marufa-jannat-b26478256",https://www.linkedin.com/in/marufa-khanom-952885159,,
SHARAFIYA TRADING FOR FOOD STUFF L, Saudi Arabia,,"https://sharafiyafmcgtrading.com/, https://sharafiyafmcgtrading.com/contact, https://in.linkedin.com/in/nabeel-mohammed-74896b87, https://sa.linkedin.com/in/suhail-abdul-salam-45523822, https://ia801309.us.archive.org/18/items/burlingtonmagazi38londuoft/burlingtonmagazi38londuoft.pdf, https://hal.science/tel-02278430/file/Khalidi-PhD-12-2005-FINAL.pdf, https://archive.org/stream/burlingtonmagazi38londuoft/burlingtonmagazi38londuoft_djvu.txt, https://saarj.com/wp-content/uploads/ACADEMICIA-APRIL-2020-FULL-JOURNAL.pdf",https://sharafiyafmcgtrading.com/contact,"+966 555803125, 012 6354855, 310495913600003, 4030371716","director@sharafiyafmcgtrading.com, info@sharafiyafmcgtrading.com"
Gobind Sweets, Australia,https://www.linkedin.com/company/devstringx-technologies-pvt-ltd,"https://dk.linkedin.com/company/interlight-batteries, https://au.linkedin.com/in/daljinder-gill-0172b91b2, https://www.zoominfo.com/c/gobind-sweets/412889626, https://gobind-sweets-1.wheree.com/, https://www.facebook.com/gobindsweet/videos/1047654693527963/, https://www.ndia.org/-/media/ndia-eti/reports/directed-energy-weapon-supply-chains/directedenergyweaponsreportdeeti.pdf, https://www.volza.com/company-profile/gobind-sweets-77643882/, https://uk.linkedin.com/in/akshay-govind-patel-90372a175, https://www.eximpedia.app/companies/gobind-sweets/54565581, https://www.christianitytoday.com/2023/01/lohri-sin-sesame-sikh-punjab-christians-winter-festival/, https://www.iist.ac.in/sites/default/files/tender/tender_info.pdf",https://www.facebook.com/gobindsweet/,,
Mala Impex Pty Ltd, Australia,,"https://www.malaimpex.com/, https://au.linkedin.com/in/ravi-srinivasan-509066183, https://www.volza.com/company-profile/mala-impex-pty-ltd-46265328/, https://www.tradeatlas.com/en/firms/mala-impex-pty-ltd/b5327569079fd1b4, https://au.linkedin.com/in/kiran-sampathkumar-4832a0168, https://in.linkedin.com/in/rajnish-behl-3a499b12, https://sg.linkedin.com/in/serene-lim-22520423, https://www.elitigation.sg/gd/s/2025_SGHCI_1, http://www.lgchem.com/, https://www.ipos.gov.sg/docs/default-source/resources-library/hearings-and-mediation/legal-decisions/2018/united-u-li-projects-v-tan-buck-hai-2018-sgipos-19.pdf?sfvrsn=bdbd7959_0",https://www.manta.com/ic/mxwzrj3/au/mala-impex-pty-ltd,,
Heritage Food Mart WLL, Qatar,,"https://qa.linkedin.com/in/shabeerali-babu-parampatt-9629a7162, https://qa.linkedin.com/in/abdul-shukoor-469a45254, https://labor.mo.gov/des/employers/reportable, https://www.worldwildlife.org/about/history, https://www.gocivilairpatrol.com/programs/cadets/activities/to-serve-cadets--civil-air-patrol-food-services, https://www.heritagefoods.in/corporate/corporate_team, https://static.e-publishing.af.mil/production/1/saf_aq/publication/dafi64-117/dafi64-117.pdf, https://www.eeoc.gov/laws/guidance/section-12-religious-discrimination, https://www.af.mil/Portals/1/documents/2023SAF/PolicyUpdates/dafman36-2903.pdf, https://qa.linkedin.com/in/rufshid-shaheem-b72a43201",https://www.facebook.com/heritagefoodmart/,,

