Consignee_Name,Location
ROYAL DOHA TRADING WLL,Qatar
Al Tayeb Distribution, United Arab Emirates
Brisco Hospitality Supplies Pty Ltd, Australia
Harman Impex NZ Ltd, New Zealand
MS DATAR SONS LIMITED LLC,United Arab Emirates
Indya Foods Pty Ltd,Australia
Prince Foods UK Ltd, United Kingdom
Guangzhou Xing Zhu Food Technology Co Ltd,China
JFR Enterprise, Bangladesh
Orma Plaza Gen Trad Co W L L, Kuwait
Hira Cargo Courier Services Sdn Bhd, Malaysia
Abdul Aziz S Al Sebaie Sons Co, Kuwait
House of Spices India Inc,United States
Ruby S Food Products Ltd, United Kingdom
House of Spices India Inc, United States
Super Foods, Bahrain
LULU SAUDI HYPERMARKETS LLC, Saudi Arabia
Tasty Food International Trading LLC, United Arab Emirates
Baniyas Spike Trading Co LLC, United Arab Emirates
PRIME FOOD PRODUCTS LTD, United Kingdom
EXIMTICS INTERNATIONAL PVT LTD, Maldives
Ansell Dellis Company Limited, Nigeria
A S T Private Limited, Nepal
Al Maya International WLL, Bahrain
Datar and Sons Ltd L L C, Oman
Herbaria Zrt, Hungary
MG INTERNATIONAL LTD, New Zealand
MSAL Rawabi Foodstuff, Qatar
GAMEBOY GENERAL TRADING, United Arab Emirates
Falcon Global Arabian Trading, Saudi Arabia
Lo Sons Foods International, Canada
TRS Wholesale Company Limited, Netherlands
Spice Home, Japan
Falcon Global Arabian Trading, Saudi Arabia
Misedet Hamelech Maharaja LTD, Israel
S M J Company Ltd, Ghana
Dutronix General Trading LLC, United Arab Emirates
Top Op Foods Ltd, United Kingdom
Pettah Essence Suppliers, Sri Lanka
Alzabidi Trading Co MFZ L L C, Oman
BLACK LINE GENERAL TRADING, United Arab Emirates
SPICE CITY TRADING CO, Saudi Arabia
HIGHRANGE IMPORTS NZ LIMITED, New Zealand
Asim NZ Limited, New Zealand
Illva Saronno S p A, Italy
VELS SPICES PTY LTD, Australia
1598682 Ontario Ltd, Canada
ES Food Industries Sdn Bhd, Sri Lanka
Shri Impex Kft, Hungary
ASIAN BISCUIT AND CONFECTIONERY P LIMITED, Nepal
Marine Corner General Trading L L C, United Arab Emirates
Belad Alsafwa for General Trading Ltd, Iraq
Aiva Products, United States
Chetak Melbourne, Australia
PT Amrach Indo Overseas, Indonesia
FOOD SOLUTION ENGLAND LTD, United Kingdom
Sabina Enterprise, Bangladesh
GECO INTERNATIONAL LTD, United Kingdom
ES FOOD INDUSTRIES SDN BHD, Malaysia
SMART FOOD TRADING LLC, United Arab Emirates
MZ Holdings Ltd, New Zealand
MAJESTIC STORES TRADING CO, Saudi Arabia
P B Foods Ltd, United Kingdom
SUNDINE PRODUCE INC, Canada
CANDY DELIGHTS LIMITED, Sri Lanka
AGGRAWAL AG, Belgium
SUNDINE PRODUCE INC, Canada
SSR Tradings Pte Ltd, Singapore
Desert Rose General Trading Co WLL, Kuwait
ELEGANCE FOODS SUPPLIES EU LTD, Ireland
GODREJ HOUSEHOLD PRODUCTS LANKA PV T LIMITED, Sri Lanka
Mountain Valley Springs UK Privat Elimited,  United Kingdom
MS MAXWELL DISTRIBUTORS PTY LIMITED, Australia
Dhillon Group of Companies Ltd, Hong Kong
HAKSAYA ENTERPRISE SDN BHD, Malaysia
Qaisar Foodstuff Co, Kuwait
Riata Foods UK, United Kingdom
Spicy World Rudra Group Merchant Ltd, Australia
JFR Enterprise, Bangladesh
KCS CASH CARRY LIMITED, United Kingdom
Yashadi Enteprises Pte Ltd, Singapore
Auklet Traders Ltd, New Zealand
HJ Heinz Supply Chain Europe, United Kingdom
PRIVATE ENTERPRISE SPS, Ukraine
Aly Export Pty Ltd, Australia
Bains Wholesale Foods Ltd, Canada
Lebanese Fruit Co LLC LIFCO, United Arab Emirates
TIMES INTERNATIONAL PTY LTD, Australia
Ogab Hamoud Al Malek Trading Co WLL, Kuwait
Asian Traders Ltd, United Kingdom
SUNDINE PRODUCE INC, Canada
Saraya Distribution L L C, Oman
Contil Canada Ltd, Canada
River Side Burgeon Inc, Canada
M s MFB FOODS WLL, Bahrain
Sabrini Foods Pty Ltd, Australia
Marufa Enterprise, Bangladesh
SHARAFIYA TRADING FOR FOOD STUFF L, Saudi Arabia
Gobind Sweets, Australia
Mala Impex Pty Ltd, Australia
Heritage Food Mart WLL, Qatar



